variable,HexID,Month,TimeIndex,Type,Value
x,0,,,slow,0.0
x,0,,,medium,0.0
x,0,,,fast,0.0
PV,0,,,PV,0.0
Batt,0,,,Batt,0.0
x,1,,,slow,0.0
x,1,,,medium,0.0
x,1,,,fast,0.0
PV,1,,,PV,0.0
Batt,1,,,Batt,0.0
x,2,,,slow,0.0
x,2,,,medium,8.0
x,2,,,fast,1.0
PV,2,,,PV,0.0
Batt,2,,,Batt,0.0
x,3,,,slow,1.0
x,3,,,medium,3.0
x,3,,,fast,0.0
PV,3,,,PV,0.0
Batt,3,,,Batt,0.0
x,4,,,slow,0.0
x,4,,,medium,0.0
x,4,,,fast,0.0
PV,4,,,PV,0.0
Batt,4,,,Batt,0.0
x,5,,,slow,0.0
x,5,,,medium,0.0
x,5,,,fast,0.0
PV,5,,,PV,0.0
Batt,5,,,Batt,0.0
x,6,,,slow,0.0
x,6,,,medium,0.0
x,6,,,fast,0.0
PV,6,,,PV,0.0
Batt,6,,,Batt,0.0
x,7,,,slow,0.0
x,7,,,medium,0.0
x,7,,,fast,0.0
PV,7,,,PV,0.0
Batt,7,,,Batt,0.0
x,8,,,slow,0.0
x,8,,,medium,0.0
x,8,,,fast,0.0
PV,8,,,PV,0.0
Batt,8,,,Batt,0.0
x,9,,,slow,0.0
x,9,,,medium,0.0
x,9,,,fast,0.0
PV,9,,,PV,0.0
Batt,9,,,Batt,0.0
x,10,,,slow,0.0
x,10,,,medium,1.0
x,10,,,fast,0.0
PV,10,,,PV,0.0
Batt,10,,,Batt,0.0
x,11,,,slow,0.0
x,11,,,medium,0.0
x,11,,,fast,0.0
PV,11,,,PV,0.0
Batt,11,,,Batt,0.0
x,12,,,slow,1.0
x,12,,,medium,3.0
x,12,,,fast,0.0
PV,12,,,PV,0.0
Batt,12,,,Batt,0.0
x,13,,,slow,1.0
x,13,,,medium,1.0
x,13,,,fast,0.0
PV,13,,,PV,0.0
Batt,13,,,Batt,0.0
x,14,,,slow,0.0
x,14,,,medium,0.0
x,14,,,fast,0.0
PV,14,,,PV,0.0
Batt,14,,,Batt,0.0
x,15,,,slow,1.0
x,15,,,medium,1.0
x,15,,,fast,0.0
PV,15,,,PV,0.0
Batt,15,,,Batt,0.0
x,16,,,slow,0.0
x,16,,,medium,0.0
x,16,,,fast,0.0
PV,16,,,PV,0.0
Batt,16,,,Batt,0.0
x,17,,,slow,0.0
x,17,,,medium,0.0
x,17,,,fast,0.0
PV,17,,,PV,0.0
Batt,17,,,Batt,0.0
x,18,,,slow,0.0
x,18,,,medium,0.0
x,18,,,fast,0.0
PV,18,,,PV,0.0
Batt,18,,,Batt,0.0
x,19,,,slow,0.0
x,19,,,medium,0.0
x,19,,,fast,0.0
PV,19,,,PV,0.0
Batt,19,,,Batt,0.0
x,20,,,slow,0.0
x,20,,,medium,0.0
x,20,,,fast,0.0
PV,20,,,PV,0.0
Batt,20,,,Batt,0.0
x,21,,,slow,1.0
x,21,,,medium,0.0
x,21,,,fast,0.0
PV,21,,,PV,0.0
Batt,21,,,Batt,0.0
x,22,,,slow,0.0
x,22,,,medium,0.0
x,22,,,fast,0.0
PV,22,,,PV,0.0
Batt,22,,,Batt,0.0
x,23,,,slow,1.0
x,23,,,medium,2.0
x,23,,,fast,0.0
PV,23,,,PV,0.0
Batt,23,,,Batt,0.0
x,24,,,slow,0.0
x,24,,,medium,2.0
x,24,,,fast,0.0
PV,24,,,PV,0.0
Batt,24,,,Batt,0.0
x,25,,,slow,0.0
x,25,,,medium,0.0
x,25,,,fast,0.0
PV,25,,,PV,0.0
Batt,25,,,Batt,0.0
x,26,,,slow,0.0
x,26,,,medium,1.0
x,26,,,fast,0.0
PV,26,,,PV,0.0
Batt,26,,,Batt,0.0
x,27,,,slow,1.0
x,27,,,medium,0.0
x,27,,,fast,0.0
PV,27,,,PV,0.0
Batt,27,,,Batt,0.0
x,28,,,slow,0.0
x,28,,,medium,0.0
x,28,,,fast,0.0
PV,28,,,PV,0.0
Batt,28,,,Batt,0.0
x,29,,,slow,0.0
x,29,,,medium,0.0
x,29,,,fast,0.0
PV,29,,,PV,0.0
Batt,29,,,Batt,0.0
x,30,,,slow,1.0
x,30,,,medium,4.0
x,30,,,fast,0.0
PV,30,,,PV,0.0
Batt,30,,,Batt,0.0
x,31,,,slow,1.0
x,31,,,medium,1.0
x,31,,,fast,1.0
PV,31,,,PV,0.0
Batt,31,,,Batt,0.0
x,32,,,slow,1.0
x,32,,,medium,6.0
x,32,,,fast,0.0
PV,32,,,PV,0.0
Batt,32,,,Batt,0.0
x,33,,,slow,1.0
x,33,,,medium,4.0
x,33,,,fast,0.0
PV,33,,,PV,0.0
Batt,33,,,Batt,0.0
x,34,,,slow,0.0
x,34,,,medium,0.0
x,34,,,fast,0.0
PV,34,,,PV,0.0
Batt,34,,,Batt,0.0
x,35,,,slow,0.0
x,35,,,medium,0.0
x,35,,,fast,0.0
PV,35,,,PV,0.0
Batt,35,,,Batt,0.0
x,36,,,slow,0.0
x,36,,,medium,0.0
x,36,,,fast,0.0
PV,36,,,PV,0.0
Batt,36,,,Batt,0.0
x,37,,,slow,0.0
x,37,,,medium,0.0
x,37,,,fast,0.0
PV,37,,,PV,0.0
Batt,37,,,Batt,0.0
x,38,,,slow,0.0
x,38,,,medium,0.0
x,38,,,fast,0.0
PV,38,,,PV,0.0
Batt,38,,,Batt,0.0
x,39,,,slow,1.0
x,39,,,medium,2.0
x,39,,,fast,0.0
PV,39,,,PV,0.0
Batt,39,,,Batt,0.0
x,40,,,slow,0.0
x,40,,,medium,0.0
x,40,,,fast,0.0
PV,40,,,PV,0.0
Batt,40,,,Batt,0.0
x,41,,,slow,0.0
x,41,,,medium,1.0
x,41,,,fast,0.0
PV,41,,,PV,0.0
Batt,41,,,Batt,0.0
x,42,,,slow,1.0
x,42,,,medium,3.0
x,42,,,fast,0.0
PV,42,,,PV,0.0
Batt,42,,,Batt,0.0
x,43,,,slow,0.0
x,43,,,medium,2.0
x,43,,,fast,0.0
PV,43,,,PV,0.0
Batt,43,,,Batt,0.0
x,44,,,slow,0.0
x,44,,,medium,0.0
x,44,,,fast,0.0
PV,44,,,PV,0.0
Batt,44,,,Batt,0.0
x,45,,,slow,1.0
x,45,,,medium,1.0
x,45,,,fast,0.0
PV,45,,,PV,0.0
Batt,45,,,Batt,0.0
x,46,,,slow,0.0
x,46,,,medium,1.0
x,46,,,fast,0.0
PV,46,,,PV,0.0
Batt,46,,,Batt,0.0
x,47,,,slow,1.0
x,47,,,medium,4.0
x,47,,,fast,0.0
PV,47,,,PV,0.0
Batt,47,,,Batt,0.0
x,48,,,slow,0.0
x,48,,,medium,0.0
x,48,,,fast,0.0
PV,48,,,PV,0.0
Batt,48,,,Batt,0.0
x,49,,,slow,2.0
x,49,,,medium,4.0
x,49,,,fast,0.0
PV,49,,,PV,0.0
Batt,49,,,Batt,0.0
x,50,,,slow,0.0
x,50,,,medium,0.0
x,50,,,fast,0.0
PV,50,,,PV,0.0
Batt,50,,,Batt,0.0
x,51,,,slow,0.0
x,51,,,medium,2.0
x,51,,,fast,0.0
PV,51,,,PV,0.0
Batt,51,,,Batt,0.0
x,52,,,slow,0.0
x,52,,,medium,4.0
x,52,,,fast,0.0
PV,52,,,PV,0.0
Batt,52,,,Batt,0.0
x,53,,,slow,0.0
x,53,,,medium,3.0
x,53,,,fast,0.0
PV,53,,,PV,0.0
Batt,53,,,Batt,0.0
x,54,,,slow,0.0
x,54,,,medium,4.0
x,54,,,fast,0.0
PV,54,,,PV,0.0
Batt,54,,,Batt,0.0
x,55,,,slow,1.0
x,55,,,medium,1.0
x,55,,,fast,0.0
PV,55,,,PV,0.0
Batt,55,,,Batt,0.0
x,56,,,slow,0.0
x,56,,,medium,5.0
x,56,,,fast,0.0
PV,56,,,PV,0.0
Batt,56,,,Batt,0.0
x,57,,,slow,0.0
x,57,,,medium,2.0
x,57,,,fast,0.0
PV,57,,,PV,0.0
Batt,57,,,Batt,0.0
x,58,,,slow,0.0
x,58,,,medium,0.0
x,58,,,fast,0.0
PV,58,,,PV,0.0
Batt,58,,,Batt,0.0
x,59,,,slow,0.0
x,59,,,medium,0.0
x,59,,,fast,0.0
PV,59,,,PV,0.0
Batt,59,,,Batt,0.0
x,60,,,slow,1.0
x,60,,,medium,1.0
x,60,,,fast,0.0
PV,60,,,PV,0.0
Batt,60,,,Batt,0.0
x,61,,,slow,2.0
x,61,,,medium,4.0
x,61,,,fast,0.0
PV,61,,,PV,0.0
Batt,61,,,Batt,0.0
x,62,,,slow,1.0
x,62,,,medium,13.0
x,62,,,fast,0.0
PV,62,,,PV,0.0
Batt,62,,,Batt,0.0
x,63,,,slow,1.0
x,63,,,medium,3.0
x,63,,,fast,0.0
PV,63,,,PV,0.0
Batt,63,,,Batt,0.0
x,64,,,slow,1.0
x,64,,,medium,4.0
x,64,,,fast,0.0
PV,64,,,PV,0.0
Batt,64,,,Batt,0.0
x,65,,,slow,1.0
x,65,,,medium,4.0
x,65,,,fast,0.0
PV,65,,,PV,0.0
Batt,65,,,Batt,0.0
x,66,,,slow,0.0
x,66,,,medium,3.0
x,66,,,fast,0.0
PV,66,,,PV,0.0
Batt,66,,,Batt,0.0
x,67,,,slow,0.0
x,67,,,medium,0.0
x,67,,,fast,0.0
PV,67,,,PV,0.0
Batt,67,,,Batt,0.0
x,68,,,slow,0.0
x,68,,,medium,4.0
x,68,,,fast,0.0
PV,68,,,PV,0.0
Batt,68,,,Batt,0.0
x,69,,,slow,1.0
x,69,,,medium,4.0
x,69,,,fast,0.0
PV,69,,,PV,0.0
Batt,69,,,Batt,0.0
x,70,,,slow,1.0
x,70,,,medium,2.0
x,70,,,fast,0.0
PV,70,,,PV,0.0
Batt,70,,,Batt,0.0
x,71,,,slow,1.0
x,71,,,medium,1.0
x,71,,,fast,0.0
PV,71,,,PV,0.0
Batt,71,,,Batt,0.0
x,72,,,slow,1.0
x,72,,,medium,1.0
x,72,,,fast,0.0
PV,72,,,PV,0.0
Batt,72,,,Batt,0.0
x,73,,,slow,0.0
x,73,,,medium,0.0
x,73,,,fast,0.0
PV,73,,,PV,0.0
Batt,73,,,Batt,0.0
x,74,,,slow,0.0
x,74,,,medium,0.0
x,74,,,fast,0.0
PV,74,,,PV,0.0
Batt,74,,,Batt,0.0
x,75,,,slow,0.0
x,75,,,medium,5.0
x,75,,,fast,0.0
PV,75,,,PV,0.0
Batt,75,,,Batt,0.0
x,76,,,slow,0.0
x,76,,,medium,0.0
x,76,,,fast,0.0
PV,76,,,PV,0.0
Batt,76,,,Batt,0.0
x,77,,,slow,0.0
x,77,,,medium,1.0
x,77,,,fast,0.0
PV,77,,,PV,0.0
Batt,77,,,Batt,0.0
x,78,,,slow,0.0
x,78,,,medium,3.0
x,78,,,fast,1.0
PV,78,,,PV,0.0
Batt,78,,,Batt,0.0
x,79,,,slow,0.0
x,79,,,medium,7.0
x,79,,,fast,0.0
PV,79,,,PV,0.0
Batt,79,,,Batt,0.0
x,80,,,slow,0.0
x,80,,,medium,4.0
x,80,,,fast,0.0
PV,80,,,PV,0.0
Batt,80,,,Batt,0.0
x,81,,,slow,1.0
x,81,,,medium,6.0
x,81,,,fast,0.0
PV,81,,,PV,0.0
Batt,81,,,Batt,0.0
x,82,,,slow,0.0
x,82,,,medium,4.0
x,82,,,fast,0.0
PV,82,,,PV,0.0
Batt,82,,,Batt,0.0
x,83,,,slow,0.0
x,83,,,medium,2.0
x,83,,,fast,0.0
PV,83,,,PV,0.0
Batt,83,,,Batt,0.0
x,84,,,slow,1.0
x,84,,,medium,0.0
x,84,,,fast,0.0
PV,84,,,PV,0.0
Batt,84,,,Batt,0.0
x,85,,,slow,0.0
x,85,,,medium,3.0
x,85,,,fast,0.0
PV,85,,,PV,0.0
Batt,85,,,Batt,0.0
x,86,,,slow,1.0
x,86,,,medium,2.0
x,86,,,fast,0.0
PV,86,,,PV,0.0
Batt,86,,,Batt,0.0
x,87,,,slow,1.0
x,87,,,medium,4.0
x,87,,,fast,0.0
PV,87,,,PV,0.0
Batt,87,,,Batt,0.0
x,88,,,slow,1.0
x,88,,,medium,5.0
x,88,,,fast,0.0
PV,88,,,PV,0.0
Batt,88,,,Batt,0.0
x,89,,,slow,1.0
x,89,,,medium,5.0
x,89,,,fast,0.0
PV,89,,,PV,0.0
Batt,89,,,Batt,0.0
x,90,,,slow,0.0
x,90,,,medium,4.0
x,90,,,fast,0.0
PV,90,,,PV,0.0
Batt,90,,,Batt,0.0
x,91,,,slow,1.0
x,91,,,medium,3.0
x,91,,,fast,1.0
PV,91,,,PV,0.0
Batt,91,,,Batt,0.0
x,92,,,slow,0.0
x,92,,,medium,7.0
x,92,,,fast,2.0
PV,92,,,PV,0.0
Batt,92,,,Batt,0.0
x,93,,,slow,1.0
x,93,,,medium,0.0
x,93,,,fast,0.0
PV,93,,,PV,0.0
Batt,93,,,Batt,0.0
x,94,,,slow,0.0
x,94,,,medium,1.0
x,94,,,fast,1.0
PV,94,,,PV,0.0
Batt,94,,,Batt,0.0
x,95,,,slow,10.0
x,95,,,medium,2.0
x,95,,,fast,0.0
PV,95,,,PV,0.0
Batt,95,,,Batt,0.0
x,96,,,slow,0.0
x,96,,,medium,16.0
x,96,,,fast,0.0
PV,96,,,PV,0.0
Batt,96,,,Batt,0.0
x,97,,,slow,11.0
x,97,,,medium,6.0
x,97,,,fast,1.0
PV,97,,,PV,0.0
Batt,97,,,Batt,0.0
x,98,,,slow,0.0
x,98,,,medium,4.0
x,98,,,fast,0.0
PV,98,,,PV,0.0
Batt,98,,,Batt,0.0
x,99,,,slow,1.0
x,99,,,medium,1.0
x,99,,,fast,0.0
PV,99,,,PV,0.0
Batt,99,,,Batt,0.0
x,100,,,slow,0.0
x,100,,,medium,2.0
x,100,,,fast,0.0
PV,100,,,PV,0.0
Batt,100,,,Batt,0.0
x,101,,,slow,1.0
x,101,,,medium,3.0
x,101,,,fast,0.0
PV,101,,,PV,0.0
Batt,101,,,Batt,0.0
x,102,,,slow,0.0
x,102,,,medium,2.0
x,102,,,fast,0.0
PV,102,,,PV,0.0
Batt,102,,,Batt,0.0
x,103,,,slow,1.0
x,103,,,medium,4.0
x,103,,,fast,0.0
PV,103,,,PV,0.0
Batt,103,,,Batt,0.0
x,104,,,slow,0.0
x,104,,,medium,0.0
x,104,,,fast,0.0
PV,104,,,PV,0.0
Batt,104,,,Batt,0.0
x,105,,,slow,1.0
x,105,,,medium,2.0
x,105,,,fast,0.0
PV,105,,,PV,0.0
Batt,105,,,Batt,0.0
x,106,,,slow,0.0
x,106,,,medium,3.0
x,106,,,fast,0.0
PV,106,,,PV,0.0
Batt,106,,,Batt,0.0
x,107,,,slow,0.0
x,107,,,medium,2.0
x,107,,,fast,0.0
PV,107,,,PV,0.0
Batt,107,,,Batt,0.0
x,108,,,slow,0.0
x,108,,,medium,3.0
x,108,,,fast,0.0
PV,108,,,PV,0.0
Batt,108,,,Batt,0.0
x,109,,,slow,0.0
x,109,,,medium,14.0
x,109,,,fast,0.0
PV,109,,,PV,0.0
Batt,109,,,Batt,0.0
x,110,,,slow,1.0
x,110,,,medium,7.0
x,110,,,fast,1.0
PV,110,,,PV,0.0
Batt,110,,,Batt,0.0
x,111,,,slow,1.0
x,111,,,medium,0.0
x,111,,,fast,1.0
PV,111,,,PV,0.0
Batt,111,,,Batt,0.0
x,112,,,slow,0.0
x,112,,,medium,2.0
x,112,,,fast,1.0
PV,112,,,PV,0.0
Batt,112,,,Batt,0.0
x,113,,,slow,0.0
x,113,,,medium,9.0
x,113,,,fast,2.0
PV,113,,,PV,0.0
Batt,113,,,Batt,0.0
x,114,,,slow,1.0
x,114,,,medium,2.0
x,114,,,fast,1.0
PV,114,,,PV,0.0
Batt,114,,,Batt,0.0
x,115,,,slow,0.0
x,115,,,medium,2.0
x,115,,,fast,0.0
PV,115,,,PV,0.0
Batt,115,,,Batt,0.0
x,116,,,slow,1.0
x,116,,,medium,4.0
x,116,,,fast,1.0
PV,116,,,PV,0.0
Batt,116,,,Batt,0.0
x,117,,,slow,1.0
x,117,,,medium,3.0
x,117,,,fast,2.0
PV,117,,,PV,0.0
Batt,117,,,Batt,0.0
x,118,,,slow,1.0
x,118,,,medium,3.0
x,118,,,fast,2.0
PV,118,,,PV,0.0
Batt,118,,,Batt,0.0
x,119,,,slow,1.0
x,119,,,medium,9.0
x,119,,,fast,0.0
PV,119,,,PV,0.0
Batt,119,,,Batt,0.0
x,120,,,slow,0.0
x,120,,,medium,6.0
x,120,,,fast,0.0
PV,120,,,PV,0.0
Batt,120,,,Batt,0.0
x,121,,,slow,0.0
x,121,,,medium,0.0
x,121,,,fast,0.0
PV,121,,,PV,0.0
Batt,121,,,Batt,0.0
x,122,,,slow,0.0
x,122,,,medium,3.0
x,122,,,fast,0.0
PV,122,,,PV,0.0
Batt,122,,,Batt,0.0
x,123,,,slow,1.0
x,123,,,medium,3.0
x,123,,,fast,0.0
PV,123,,,PV,0.0
Batt,123,,,Batt,0.0
x,124,,,slow,0.0
x,124,,,medium,4.0
x,124,,,fast,0.0
PV,124,,,PV,0.0
Batt,124,,,Batt,0.0
x,125,,,slow,0.0
x,125,,,medium,9.0
x,125,,,fast,0.0
PV,125,,,PV,0.0
Batt,125,,,Batt,0.0
x,126,,,slow,5.0
x,126,,,medium,5.0
x,126,,,fast,0.0
PV,126,,,PV,0.0
Batt,126,,,Batt,0.0
x,127,,,slow,0.0
x,127,,,medium,3.0
x,127,,,fast,0.0
PV,127,,,PV,0.0
Batt,127,,,Batt,0.0
x,128,,,slow,1.0
x,128,,,medium,3.0
x,128,,,fast,0.0
PV,128,,,PV,0.0
Batt,128,,,Batt,0.0
x,129,,,slow,1.0
x,129,,,medium,1.0
x,129,,,fast,0.0
PV,129,,,PV,0.0
Batt,129,,,Batt,0.0
x,130,,,slow,0.0
x,130,,,medium,0.0
x,130,,,fast,0.0
PV,130,,,PV,0.0
Batt,130,,,Batt,0.0
x,131,,,slow,1.0
x,131,,,medium,1.0
x,131,,,fast,0.0
PV,131,,,PV,0.0
Batt,131,,,Batt,0.0
x,132,,,slow,0.0
x,132,,,medium,4.0
x,132,,,fast,0.0
PV,132,,,PV,0.0
Batt,132,,,Batt,0.0
x,133,,,slow,0.0
x,133,,,medium,0.0
x,133,,,fast,0.0
PV,133,,,PV,0.0
Batt,133,,,Batt,0.0
x,134,,,slow,1.0
x,134,,,medium,6.0
x,134,,,fast,1.0
PV,134,,,PV,0.0
Batt,134,,,Batt,0.0
x,135,,,slow,0.0
x,135,,,medium,9.0
x,135,,,fast,1.0
PV,135,,,PV,0.0
Batt,135,,,Batt,0.0
x,136,,,slow,1.0
x,136,,,medium,2.0
x,136,,,fast,1.0
PV,136,,,PV,0.0
Batt,136,,,Batt,0.0
x,137,,,slow,1.0
x,137,,,medium,3.0
x,137,,,fast,1.0
PV,137,,,PV,0.0
Batt,137,,,Batt,0.0
x,138,,,slow,0.0
x,138,,,medium,9.0
x,138,,,fast,2.0
PV,138,,,PV,0.0
Batt,138,,,Batt,0.0
x,139,,,slow,0.0
x,139,,,medium,4.0
x,139,,,fast,0.0
PV,139,,,PV,0.0
Batt,139,,,Batt,0.0
x,140,,,slow,0.0
x,140,,,medium,1.0
x,140,,,fast,1.0
PV,140,,,PV,0.0
Batt,140,,,Batt,0.0
x,141,,,slow,1.0
x,141,,,medium,5.0
x,141,,,fast,1.0
PV,141,,,PV,0.0
Batt,141,,,Batt,0.0
x,142,,,slow,1.0
x,142,,,medium,4.0
x,142,,,fast,2.0
PV,142,,,PV,0.0
Batt,142,,,Batt,0.0
x,143,,,slow,0.0
x,143,,,medium,5.0
x,143,,,fast,0.0
PV,143,,,PV,0.0
Batt,143,,,Batt,0.0
x,144,,,slow,1.0
x,144,,,medium,6.0
x,144,,,fast,0.0
PV,144,,,PV,0.0
Batt,144,,,Batt,0.0
x,145,,,slow,0.0
x,145,,,medium,0.0
x,145,,,fast,0.0
PV,145,,,PV,0.0
Batt,145,,,Batt,0.0
x,146,,,slow,11.0
x,146,,,medium,3.0
x,146,,,fast,0.0
PV,146,,,PV,0.0
Batt,146,,,Batt,0.0
x,147,,,slow,1.0
x,147,,,medium,3.0
x,147,,,fast,0.0
PV,147,,,PV,0.0
Batt,147,,,Batt,0.0
x,148,,,slow,1.0
x,148,,,medium,2.0
x,148,,,fast,1.0
PV,148,,,PV,0.0
Batt,148,,,Batt,0.0
x,149,,,slow,0.0
x,149,,,medium,13.0
x,149,,,fast,1.0
PV,149,,,PV,0.0
Batt,149,,,Batt,0.0
x,150,,,slow,0.0
x,150,,,medium,5.0
x,150,,,fast,0.0
PV,150,,,PV,0.0
Batt,150,,,Batt,0.0
x,151,,,slow,0.0
x,151,,,medium,0.0
x,151,,,fast,0.0
PV,151,,,PV,0.0
Batt,151,,,Batt,0.0
x,152,,,slow,0.0
x,152,,,medium,4.0
x,152,,,fast,0.0
PV,152,,,PV,0.0
Batt,152,,,Batt,0.0
x,153,,,slow,1.0
x,153,,,medium,0.0
x,153,,,fast,0.0
PV,153,,,PV,0.0
Batt,153,,,Batt,0.0
x,154,,,slow,0.0
x,154,,,medium,0.0
x,154,,,fast,0.0
PV,154,,,PV,0.0
Batt,154,,,Batt,0.0
x,155,,,slow,1.0
x,155,,,medium,6.0
x,155,,,fast,0.0
PV,155,,,PV,0.0
Batt,155,,,Batt,0.0
x,156,,,slow,0.0
x,156,,,medium,3.0
x,156,,,fast,1.0
PV,156,,,PV,0.0
Batt,156,,,Batt,0.0
x,157,,,slow,1.0
x,157,,,medium,3.0
x,157,,,fast,2.0
PV,157,,,PV,0.0
Batt,157,,,Batt,0.0
x,158,,,slow,1.0
x,158,,,medium,1.0
x,158,,,fast,2.0
PV,158,,,PV,0.0
Batt,158,,,Batt,0.0
x,159,,,slow,1.0
x,159,,,medium,2.0
x,159,,,fast,1.0
PV,159,,,PV,0.0
Batt,159,,,Batt,0.0
x,160,,,slow,1.0
x,160,,,medium,3.0
x,160,,,fast,1.0
PV,160,,,PV,0.0
Batt,160,,,Batt,0.0
x,161,,,slow,0.0
x,161,,,medium,5.0
x,161,,,fast,0.0
PV,161,,,PV,0.0
Batt,161,,,Batt,0.0
x,162,,,slow,0.0
x,162,,,medium,3.0
x,162,,,fast,0.0
PV,162,,,PV,0.0
Batt,162,,,Batt,0.0
x,163,,,slow,1.0
x,163,,,medium,1.0
x,163,,,fast,1.0
PV,163,,,PV,0.0
Batt,163,,,Batt,0.0
x,164,,,slow,0.0
x,164,,,medium,10.0
x,164,,,fast,1.0
PV,164,,,PV,0.0
Batt,164,,,Batt,0.0
x,165,,,slow,1.0
x,165,,,medium,2.0
x,165,,,fast,1.0
PV,165,,,PV,0.0
Batt,165,,,Batt,0.0
x,166,,,slow,1.0
x,166,,,medium,2.0
x,166,,,fast,1.0
PV,166,,,PV,0.0
Batt,166,,,Batt,0.0
x,167,,,slow,0.0
x,167,,,medium,0.0
x,167,,,fast,0.0
PV,167,,,PV,0.0
Batt,167,,,Batt,0.0
x,168,,,slow,0.0
x,168,,,medium,2.0
x,168,,,fast,0.0
PV,168,,,PV,0.0
Batt,168,,,Batt,0.0
x,169,,,slow,1.0
x,169,,,medium,2.0
x,169,,,fast,0.0
PV,169,,,PV,0.0
Batt,169,,,Batt,0.0
x,170,,,slow,0.0
x,170,,,medium,0.0
x,170,,,fast,0.0
PV,170,,,PV,0.0
Batt,170,,,Batt,0.0
x,171,,,slow,0.0
x,171,,,medium,6.0
x,171,,,fast,1.0
PV,171,,,PV,0.0
Batt,171,,,Batt,0.0
x,172,,,slow,1.0
x,172,,,medium,6.0
x,172,,,fast,1.0
PV,172,,,PV,0.0
Batt,172,,,Batt,0.0
x,173,,,slow,1.0
x,173,,,medium,4.0
x,173,,,fast,0.0
PV,173,,,PV,0.0
Batt,173,,,Batt,0.0
x,174,,,slow,0.0
x,174,,,medium,0.0
x,174,,,fast,0.0
PV,174,,,PV,0.0
Batt,174,,,Batt,0.0
x,175,,,slow,1.0
x,175,,,medium,1.0
x,175,,,fast,0.0
PV,175,,,PV,0.0
Batt,175,,,Batt,0.0
x,176,,,slow,0.0
x,176,,,medium,4.0
x,176,,,fast,1.0
PV,176,,,PV,0.0
Batt,176,,,Batt,0.0
x,177,,,slow,0.0
x,177,,,medium,10.0
x,177,,,fast,0.0
PV,177,,,PV,0.0
Batt,177,,,Batt,0.0
x,178,,,slow,1.0
x,178,,,medium,3.0
x,178,,,fast,0.0
PV,178,,,PV,0.0
Batt,178,,,Batt,0.0
x,179,,,slow,1.0
x,179,,,medium,2.0
x,179,,,fast,0.0
PV,179,,,PV,0.0
Batt,179,,,Batt,0.0
x,180,,,slow,1.0
x,180,,,medium,8.0
x,180,,,fast,1.0
PV,180,,,PV,0.0
Batt,180,,,Batt,0.0
x,181,,,slow,0.0
x,181,,,medium,5.0
x,181,,,fast,2.0
PV,181,,,PV,0.0
Batt,181,,,Batt,0.0
x,182,,,slow,0.0
x,182,,,medium,1.0
x,182,,,fast,0.0
PV,182,,,PV,0.0
Batt,182,,,Batt,0.0
x,183,,,slow,0.0
x,183,,,medium,0.0
x,183,,,fast,0.0
PV,183,,,PV,0.0
Batt,183,,,Batt,0.0
x,184,,,slow,1.0
x,184,,,medium,4.0
x,184,,,fast,1.0
PV,184,,,PV,0.0
Batt,184,,,Batt,0.0
x,185,,,slow,8.0
x,185,,,medium,4.0
x,185,,,fast,2.0
PV,185,,,PV,0.0
Batt,185,,,Batt,0.0
x,186,,,slow,1.0
x,186,,,medium,6.0
x,186,,,fast,1.0
PV,186,,,PV,0.0
Batt,186,,,Batt,0.0
x,187,,,slow,1.0
x,187,,,medium,3.0
x,187,,,fast,0.0
PV,187,,,PV,0.0
Batt,187,,,Batt,0.0
x,188,,,slow,1.0
x,188,,,medium,3.0
x,188,,,fast,0.0
PV,188,,,PV,0.0
Batt,188,,,Batt,0.0
x,189,,,slow,0.0
x,189,,,medium,3.0
x,189,,,fast,0.0
PV,189,,,PV,0.0
Batt,189,,,Batt,0.0
x,190,,,slow,0.0
x,190,,,medium,3.0
x,190,,,fast,0.0
PV,190,,,PV,0.0
Batt,190,,,Batt,0.0
x,191,,,slow,0.0
x,191,,,medium,9.0
x,191,,,fast,0.0
PV,191,,,PV,0.0
Batt,191,,,Batt,0.0
x,192,,,slow,0.0
x,192,,,medium,0.0
x,192,,,fast,0.0
PV,192,,,PV,0.0
Batt,192,,,Batt,0.0
x,193,,,slow,0.0
x,193,,,medium,4.0
x,193,,,fast,0.0
PV,193,,,PV,0.0
Batt,193,,,Batt,0.0
x,194,,,slow,0.0
x,194,,,medium,1.0
x,194,,,fast,0.0
PV,194,,,PV,0.0
Batt,194,,,Batt,0.0
x,195,,,slow,0.0
x,195,,,medium,2.0
x,195,,,fast,0.0
PV,195,,,PV,0.0
Batt,195,,,Batt,0.0
x,196,,,slow,0.0
x,196,,,medium,3.0
x,196,,,fast,0.0
PV,196,,,PV,0.0
Batt,196,,,Batt,0.0
x,197,,,slow,1.0
x,197,,,medium,2.0
x,197,,,fast,0.0
PV,197,,,PV,0.0
Batt,197,,,Batt,0.0
x,198,,,slow,0.0
x,198,,,medium,6.0
x,198,,,fast,0.0
PV,198,,,PV,0.0
Batt,198,,,Batt,0.0
x,199,,,slow,0.0
x,199,,,medium,3.0
x,199,,,fast,0.0
PV,199,,,PV,0.0
Batt,199,,,Batt,0.0
x,200,,,slow,0.0
x,200,,,medium,8.0
x,200,,,fast,0.0
PV,200,,,PV,0.0
Batt,200,,,Batt,0.0
x,201,,,slow,0.0
x,201,,,medium,3.0
x,201,,,fast,1.0
PV,201,,,PV,0.0
Batt,201,,,Batt,0.0
x,202,,,slow,0.0
x,202,,,medium,4.0
x,202,,,fast,2.0
PV,202,,,PV,0.0
Batt,202,,,Batt,0.0
x,203,,,slow,1.0
x,203,,,medium,3.0
x,203,,,fast,0.0
PV,203,,,PV,0.0
Batt,203,,,Batt,0.0
x,204,,,slow,0.0
x,204,,,medium,5.0
x,204,,,fast,0.0
PV,204,,,PV,0.0
Batt,204,,,Batt,0.0
x,205,,,slow,0.0
x,205,,,medium,2.0
x,205,,,fast,0.0
PV,205,,,PV,0.0
Batt,205,,,Batt,0.0
x,206,,,slow,1.0
x,206,,,medium,8.0
x,206,,,fast,1.0
PV,206,,,PV,0.0
Batt,206,,,Batt,0.0
x,207,,,slow,1.0
x,207,,,medium,8.0
x,207,,,fast,0.0
PV,207,,,PV,0.0
Batt,207,,,Batt,0.0
x,208,,,slow,1.0
x,208,,,medium,0.0
x,208,,,fast,0.0
PV,208,,,PV,0.0
Batt,208,,,Batt,0.0
x,209,,,slow,1.0
x,209,,,medium,3.0
x,209,,,fast,0.0
PV,209,,,PV,0.0
Batt,209,,,Batt,0.0
x,210,,,slow,0.0
x,210,,,medium,2.0
x,210,,,fast,1.0
PV,210,,,PV,0.0
Batt,210,,,Batt,0.0
x,211,,,slow,0.0
x,211,,,medium,2.0
x,211,,,fast,0.0
PV,211,,,PV,0.0
Batt,211,,,Batt,0.0
x,212,,,slow,0.0
x,212,,,medium,0.0
x,212,,,fast,0.0
PV,212,,,PV,0.0
Batt,212,,,Batt,0.0
x,213,,,slow,0.0
x,213,,,medium,0.0
x,213,,,fast,0.0
PV,213,,,PV,0.0
Batt,213,,,Batt,0.0
x,214,,,slow,0.0
x,214,,,medium,2.0
x,214,,,fast,0.0
PV,214,,,PV,0.0
Batt,214,,,Batt,0.0
x,215,,,slow,1.0
x,215,,,medium,4.0
x,215,,,fast,1.0
PV,215,,,PV,0.0
Batt,215,,,Batt,0.0
x,216,,,slow,0.0
x,216,,,medium,7.0
x,216,,,fast,0.0
PV,216,,,PV,0.0
Batt,216,,,Batt,0.0
x,217,,,slow,1.0
x,217,,,medium,8.0
x,217,,,fast,0.0
PV,217,,,PV,0.0
Batt,217,,,Batt,0.0
x,218,,,slow,1.0
x,218,,,medium,4.0
x,218,,,fast,0.0
PV,218,,,PV,0.0
Batt,218,,,Batt,0.0
x,219,,,slow,1.0
x,219,,,medium,4.0
x,219,,,fast,0.0
PV,219,,,PV,0.0
Batt,219,,,Batt,0.0
x,220,,,slow,3.0
x,220,,,medium,6.0
x,220,,,fast,1.0
PV,220,,,PV,0.0
Batt,220,,,Batt,0.0
x,221,,,slow,1.0
x,221,,,medium,5.0
x,221,,,fast,0.0
PV,221,,,PV,0.0
Batt,221,,,Batt,0.0
x,222,,,slow,1.0
x,222,,,medium,11.0
x,222,,,fast,0.0
PV,222,,,PV,0.0
Batt,222,,,Batt,0.0
x,223,,,slow,1.0
x,223,,,medium,4.0
x,223,,,fast,1.0
PV,223,,,PV,0.0
Batt,223,,,Batt,0.0
x,224,,,slow,1.0
x,224,,,medium,3.0
x,224,,,fast,2.0
PV,224,,,PV,0.0
Batt,224,,,Batt,0.0
x,225,,,slow,1.0
x,225,,,medium,13.0
x,225,,,fast,2.0
PV,225,,,PV,0.0
Batt,225,,,Batt,0.0
x,226,,,slow,1.0
x,226,,,medium,2.0
x,226,,,fast,0.0
PV,226,,,PV,0.0
Batt,226,,,Batt,0.0
x,227,,,slow,1.0
x,227,,,medium,0.0
x,227,,,fast,0.0
PV,227,,,PV,0.0
Batt,227,,,Batt,0.0
x,228,,,slow,0.0
x,228,,,medium,3.0
x,228,,,fast,0.0
PV,228,,,PV,0.0
Batt,228,,,Batt,0.0
x,229,,,slow,0.0
x,229,,,medium,3.0
x,229,,,fast,0.0
PV,229,,,PV,0.0
Batt,229,,,Batt,0.0
x,230,,,slow,0.0
x,230,,,medium,0.0
x,230,,,fast,0.0
PV,230,,,PV,0.0
Batt,230,,,Batt,0.0
x,231,,,slow,7.0
x,231,,,medium,1.0
x,231,,,fast,1.0
PV,231,,,PV,0.0
Batt,231,,,Batt,0.0
x,232,,,slow,0.0
x,232,,,medium,4.0
x,232,,,fast,0.0
PV,232,,,PV,0.0
Batt,232,,,Batt,0.0
x,233,,,slow,1.0
x,233,,,medium,5.0
x,233,,,fast,0.0
PV,233,,,PV,0.0
Batt,233,,,Batt,0.0
x,234,,,slow,0.0
x,234,,,medium,9.0
x,234,,,fast,0.0
PV,234,,,PV,0.0
Batt,234,,,Batt,0.0
x,235,,,slow,1.0
x,235,,,medium,1.0
x,235,,,fast,0.0
PV,235,,,PV,0.0
Batt,235,,,Batt,0.0
x,236,,,slow,0.0
x,236,,,medium,9.0
x,236,,,fast,1.0
PV,236,,,PV,0.0
Batt,236,,,Batt,0.0
x,237,,,slow,0.0
x,237,,,medium,10.0
x,237,,,fast,1.0
PV,237,,,PV,0.0
Batt,237,,,Batt,0.0
x,238,,,slow,0.0
x,238,,,medium,10.0
x,238,,,fast,1.0
PV,238,,,PV,0.0
Batt,238,,,Batt,0.0
x,239,,,slow,1.0
x,239,,,medium,4.0
x,239,,,fast,2.0
PV,239,,,PV,0.0
Batt,239,,,Batt,0.0
x,240,,,slow,0.0
x,240,,,medium,7.0
x,240,,,fast,0.0
PV,240,,,PV,0.0
Batt,240,,,Batt,0.0
x,241,,,slow,0.0
x,241,,,medium,2.0
x,241,,,fast,0.0
PV,241,,,PV,0.0
Batt,241,,,Batt,0.0
x,242,,,slow,1.0
x,242,,,medium,6.0
x,242,,,fast,0.0
PV,242,,,PV,0.0
Batt,242,,,Batt,0.0
x,243,,,slow,0.0
x,243,,,medium,0.0
x,243,,,fast,0.0
PV,243,,,PV,0.0
Batt,243,,,Batt,0.0
x,244,,,slow,1.0
x,244,,,medium,1.0
x,244,,,fast,0.0
PV,244,,,PV,0.0
Batt,244,,,Batt,0.0
x,245,,,slow,0.0
x,245,,,medium,0.0
x,245,,,fast,0.0
PV,245,,,PV,0.0
Batt,245,,,Batt,0.0
x,246,,,slow,0.0
x,246,,,medium,1.0
x,246,,,fast,0.0
PV,246,,,PV,0.0
Batt,246,,,Batt,0.0
x,247,,,slow,1.0
x,247,,,medium,1.0
x,247,,,fast,0.0
PV,247,,,PV,0.0
Batt,247,,,Batt,0.0
x,248,,,slow,0.0
x,248,,,medium,1.0
x,248,,,fast,0.0
PV,248,,,PV,0.0
Batt,248,,,Batt,0.0
x,249,,,slow,1.0
x,249,,,medium,0.0
x,249,,,fast,0.0
PV,249,,,PV,0.0
Batt,249,,,Batt,0.0
x,250,,,slow,0.0
x,250,,,medium,5.0
x,250,,,fast,1.0
PV,250,,,PV,0.0
Batt,250,,,Batt,0.0
x,251,,,slow,1.0
x,251,,,medium,9.0
x,251,,,fast,1.0
PV,251,,,PV,0.0
Batt,251,,,Batt,0.0
x,252,,,slow,0.0
x,252,,,medium,12.0
x,252,,,fast,0.0
PV,252,,,PV,0.0
Batt,252,,,Batt,0.0
x,253,,,slow,0.0
x,253,,,medium,28.0
x,253,,,fast,0.0
PV,253,,,PV,0.0
Batt,253,,,Batt,0.0
x,254,,,slow,1.0
x,254,,,medium,15.0
x,254,,,fast,0.0
PV,254,,,PV,0.0
Batt,254,,,Batt,0.0
x,255,,,slow,1.0
x,255,,,medium,18.0
x,255,,,fast,1.0
PV,255,,,PV,0.0
Batt,255,,,Batt,0.0
x,256,,,slow,0.0
x,256,,,medium,15.0
x,256,,,fast,0.0
PV,256,,,PV,0.0
Batt,256,,,Batt,0.0
x,257,,,slow,0.0
x,257,,,medium,7.0
x,257,,,fast,0.0
PV,257,,,PV,0.0
Batt,257,,,Batt,0.0
x,258,,,slow,0.0
x,258,,,medium,3.0
x,258,,,fast,0.0
PV,258,,,PV,0.0
Batt,258,,,Batt,0.0
x,259,,,slow,1.0
x,259,,,medium,8.0
x,259,,,fast,0.0
PV,259,,,PV,0.0
Batt,259,,,Batt,0.0
x,260,,,slow,1.0
x,260,,,medium,3.0
x,260,,,fast,0.0
PV,260,,,PV,0.0
Batt,260,,,Batt,0.0
x,261,,,slow,0.0
x,261,,,medium,2.0
x,261,,,fast,0.0
PV,261,,,PV,0.0
Batt,261,,,Batt,0.0
x,262,,,slow,0.0
x,262,,,medium,0.0
x,262,,,fast,0.0
PV,262,,,PV,0.0
Batt,262,,,Batt,0.0
x,263,,,slow,0.0
x,263,,,medium,0.0
x,263,,,fast,0.0
PV,263,,,PV,0.0
Batt,263,,,Batt,0.0
x,264,,,slow,1.0
x,264,,,medium,1.0
x,264,,,fast,0.0
PV,264,,,PV,0.0
Batt,264,,,Batt,0.0
x,265,,,slow,1.0
x,265,,,medium,1.0
x,265,,,fast,2.0
PV,265,,,PV,0.0
Batt,265,,,Batt,0.0
x,266,,,slow,1.0
x,266,,,medium,1.0
x,266,,,fast,1.0
PV,266,,,PV,0.0
Batt,266,,,Batt,0.0
x,267,,,slow,0.0
x,267,,,medium,1.0
x,267,,,fast,1.0
PV,267,,,PV,0.0
Batt,267,,,Batt,0.0
x,268,,,slow,0.0
x,268,,,medium,4.0
x,268,,,fast,0.0
PV,268,,,PV,0.0
Batt,268,,,Batt,0.0
x,269,,,slow,1.0
x,269,,,medium,4.0
x,269,,,fast,0.0
PV,269,,,PV,0.0
Batt,269,,,Batt,0.0
x,270,,,slow,1.0
x,270,,,medium,7.0
x,270,,,fast,1.0
PV,270,,,PV,0.0
Batt,270,,,Batt,0.0
x,271,,,slow,0.0
x,271,,,medium,8.0
x,271,,,fast,1.0
PV,271,,,PV,0.0
Batt,271,,,Batt,0.0
x,272,,,slow,4.0
x,272,,,medium,6.0
x,272,,,fast,1.0
PV,272,,,PV,0.0
Batt,272,,,Batt,0.0
x,273,,,slow,1.0
x,273,,,medium,21.0
x,273,,,fast,0.0
PV,273,,,PV,0.0
Batt,273,,,Batt,0.0
x,274,,,slow,1.0
x,274,,,medium,33.0
x,274,,,fast,0.0
PV,274,,,PV,0.0
Batt,274,,,Batt,0.0
x,275,,,slow,0.0
x,275,,,medium,19.0
x,275,,,fast,1.0
PV,275,,,PV,0.0
Batt,275,,,Batt,0.0
x,276,,,slow,1.0
x,276,,,medium,4.0
x,276,,,fast,0.0
PV,276,,,PV,0.0
Batt,276,,,Batt,0.0
x,277,,,slow,0.0
x,277,,,medium,3.0
x,277,,,fast,0.0
PV,277,,,PV,0.0
Batt,277,,,Batt,0.0
x,278,,,slow,0.0
x,278,,,medium,5.0
x,278,,,fast,1.0
PV,278,,,PV,0.0
Batt,278,,,Batt,0.0
x,279,,,slow,0.0
x,279,,,medium,0.0
x,279,,,fast,0.0
PV,279,,,PV,0.0
Batt,279,,,Batt,0.0
x,280,,,slow,0.0
x,280,,,medium,8.0
x,280,,,fast,0.0
PV,280,,,PV,0.0
Batt,280,,,Batt,0.0
x,281,,,slow,0.0
x,281,,,medium,2.0
x,281,,,fast,0.0
PV,281,,,PV,0.0
Batt,281,,,Batt,0.0
x,282,,,slow,0.0
x,282,,,medium,0.0
x,282,,,fast,0.0
PV,282,,,PV,0.0
Batt,282,,,Batt,0.0
x,283,,,slow,1.0
x,283,,,medium,3.0
x,283,,,fast,0.0
PV,283,,,PV,0.0
Batt,283,,,Batt,0.0
x,284,,,slow,0.0
x,284,,,medium,2.0
x,284,,,fast,0.0
PV,284,,,PV,0.0
Batt,284,,,Batt,0.0
x,285,,,slow,13.0
x,285,,,medium,2.0
x,285,,,fast,0.0
PV,285,,,PV,0.0
Batt,285,,,Batt,0.0
x,286,,,slow,1.0
x,286,,,medium,5.0
x,286,,,fast,0.0
PV,286,,,PV,0.0
Batt,286,,,Batt,0.0
x,287,,,slow,0.0
x,287,,,medium,5.0
x,287,,,fast,0.0
PV,287,,,PV,0.0
Batt,287,,,Batt,0.0
x,288,,,slow,0.0
x,288,,,medium,2.0
x,288,,,fast,0.0
PV,288,,,PV,0.0
Batt,288,,,Batt,0.0
x,289,,,slow,0.0
x,289,,,medium,12.0
x,289,,,fast,0.0
PV,289,,,PV,0.0
Batt,289,,,Batt,0.0
x,290,,,slow,1.0
x,290,,,medium,2.0
x,290,,,fast,0.0
PV,290,,,PV,0.0
Batt,290,,,Batt,0.0
x,291,,,slow,0.0
x,291,,,medium,1.0
x,291,,,fast,0.0
PV,291,,,PV,0.0
Batt,291,,,Batt,0.0
x,292,,,slow,0.0
x,292,,,medium,1.0
x,292,,,fast,0.0
PV,292,,,PV,0.0
Batt,292,,,Batt,0.0
x,293,,,slow,0.0
x,293,,,medium,2.0
x,293,,,fast,0.0
PV,293,,,PV,0.0
Batt,293,,,Batt,0.0
x,294,,,slow,0.0
x,294,,,medium,3.0
x,294,,,fast,1.0
PV,294,,,PV,0.0
Batt,294,,,Batt,0.0
x,295,,,slow,1.0
x,295,,,medium,15.0
x,295,,,fast,1.0
PV,295,,,PV,0.0
Batt,295,,,Batt,0.0
x,296,,,slow,0.0
x,296,,,medium,2.0
x,296,,,fast,2.0
PV,296,,,PV,0.0
Batt,296,,,Batt,0.0
x,297,,,slow,0.0
x,297,,,medium,3.0
x,297,,,fast,1.0
PV,297,,,PV,0.0
Batt,297,,,Batt,0.0
x,298,,,slow,40.0
x,298,,,medium,25.0
x,298,,,fast,0.0
PV,298,,,PV,0.0
Batt,298,,,Batt,0.0
x,299,,,slow,1.0
x,299,,,medium,40.0
x,299,,,fast,0.0
PV,299,,,PV,0.0
Batt,299,,,Batt,0.0
x,300,,,slow,0.0
x,300,,,medium,15.0
x,300,,,fast,1.0
PV,300,,,PV,0.0
Batt,300,,,Batt,0.0
x,301,,,slow,1.0
x,301,,,medium,12.0
x,301,,,fast,0.0
PV,301,,,PV,0.0
Batt,301,,,Batt,0.0
x,302,,,slow,1.0
x,302,,,medium,3.0
x,302,,,fast,0.0
PV,302,,,PV,0.0
Batt,302,,,Batt,0.0
x,303,,,slow,1.0
x,303,,,medium,2.0
x,303,,,fast,0.0
PV,303,,,PV,0.0
Batt,303,,,Batt,0.0
x,304,,,slow,0.0
x,304,,,medium,0.0
x,304,,,fast,0.0
PV,304,,,PV,0.0
Batt,304,,,Batt,0.0
x,305,,,slow,0.0
x,305,,,medium,2.0
x,305,,,fast,0.0
PV,305,,,PV,0.0
Batt,305,,,Batt,0.0
x,306,,,slow,0.0
x,306,,,medium,3.0
x,306,,,fast,0.0
PV,306,,,PV,0.0
Batt,306,,,Batt,0.0
x,307,,,slow,0.0
x,307,,,medium,0.0
x,307,,,fast,0.0
PV,307,,,PV,0.0
Batt,307,,,Batt,0.0
x,308,,,slow,0.0
x,308,,,medium,0.0
x,308,,,fast,0.0
PV,308,,,PV,0.0
Batt,308,,,Batt,0.0
x,309,,,slow,5.0
x,309,,,medium,3.0
x,309,,,fast,0.0
PV,309,,,PV,0.0
Batt,309,,,Batt,0.0
x,310,,,slow,0.0
x,310,,,medium,5.0
x,310,,,fast,0.0
PV,310,,,PV,0.0
Batt,310,,,Batt,0.0
x,311,,,slow,1.0
x,311,,,medium,2.0
x,311,,,fast,0.0
PV,311,,,PV,0.0
Batt,311,,,Batt,0.0
x,312,,,slow,1.0
x,312,,,medium,3.0
x,312,,,fast,0.0
PV,312,,,PV,0.0
Batt,312,,,Batt,0.0
x,313,,,slow,0.0
x,313,,,medium,3.0
x,313,,,fast,1.0
PV,313,,,PV,0.0
Batt,313,,,Batt,0.0
x,314,,,slow,0.0
x,314,,,medium,2.0
x,314,,,fast,0.0
PV,314,,,PV,0.0
Batt,314,,,Batt,0.0
x,315,,,slow,0.0
x,315,,,medium,3.0
x,315,,,fast,0.0
PV,315,,,PV,0.0
Batt,315,,,Batt,0.0
x,316,,,slow,0.0
x,316,,,medium,6.0
x,316,,,fast,0.0
PV,316,,,PV,0.0
Batt,316,,,Batt,0.0
x,317,,,slow,0.0
x,317,,,medium,6.0
x,317,,,fast,0.0
PV,317,,,PV,0.0
Batt,317,,,Batt,0.0
x,318,,,slow,1.0
x,318,,,medium,8.0
x,318,,,fast,1.0
PV,318,,,PV,0.0
Batt,318,,,Batt,0.0
x,319,,,slow,5.0
x,319,,,medium,1.0
x,319,,,fast,1.0
PV,319,,,PV,0.0
Batt,319,,,Batt,0.0
x,320,,,slow,0.0
x,320,,,medium,7.0
x,320,,,fast,2.0
PV,320,,,PV,0.0
Batt,320,,,Batt,0.0
x,321,,,slow,0.0
x,321,,,medium,2.0
x,321,,,fast,1.0
PV,321,,,PV,0.0
Batt,321,,,Batt,0.0
x,322,,,slow,0.0
x,322,,,medium,3.0
x,322,,,fast,0.0
PV,322,,,PV,0.0
Batt,322,,,Batt,0.0
x,323,,,slow,1.0
x,323,,,medium,14.0
x,323,,,fast,1.0
PV,323,,,PV,0.0
Batt,323,,,Batt,0.0
x,324,,,slow,12.0
x,324,,,medium,2.0
x,324,,,fast,1.0
PV,324,,,PV,0.0
Batt,324,,,Batt,0.0
x,325,,,slow,0.0
x,325,,,medium,7.0
x,325,,,fast,1.0
PV,325,,,PV,0.0
Batt,325,,,Batt,0.0
x,326,,,slow,0.0
x,326,,,medium,11.0
x,326,,,fast,0.0
PV,326,,,PV,0.0
Batt,326,,,Batt,0.0
x,327,,,slow,1.0
x,327,,,medium,10.0
x,327,,,fast,0.0
PV,327,,,PV,0.0
Batt,327,,,Batt,0.0
x,328,,,slow,1.0
x,328,,,medium,5.0
x,328,,,fast,0.0
PV,328,,,PV,0.0
Batt,328,,,Batt,0.0
x,329,,,slow,0.0
x,329,,,medium,5.0
x,329,,,fast,1.0
PV,329,,,PV,0.0
Batt,329,,,Batt,0.0
x,330,,,slow,1.0
x,330,,,medium,9.0
x,330,,,fast,0.0
PV,330,,,PV,0.0
Batt,330,,,Batt,0.0
x,331,,,slow,0.0
x,331,,,medium,4.0
x,331,,,fast,0.0
PV,331,,,PV,0.0
Batt,331,,,Batt,0.0
x,332,,,slow,1.0
x,332,,,medium,2.0
x,332,,,fast,0.0
PV,332,,,PV,0.0
Batt,332,,,Batt,0.0
x,333,,,slow,0.0
x,333,,,medium,2.0
x,333,,,fast,0.0
PV,333,,,PV,0.0
Batt,333,,,Batt,0.0
x,334,,,slow,1.0
x,334,,,medium,4.0
x,334,,,fast,0.0
PV,334,,,PV,0.0
Batt,334,,,Batt,0.0
x,335,,,slow,0.0
x,335,,,medium,3.0
x,335,,,fast,0.0
PV,335,,,PV,0.0
Batt,335,,,Batt,0.0
x,336,,,slow,0.0
x,336,,,medium,2.0
x,336,,,fast,0.0
PV,336,,,PV,0.0
Batt,336,,,Batt,0.0
x,337,,,slow,0.0
x,337,,,medium,3.0
x,337,,,fast,0.0
PV,337,,,PV,0.0
Batt,337,,,Batt,0.0
x,338,,,slow,0.0
x,338,,,medium,5.0
x,338,,,fast,0.0
PV,338,,,PV,0.0
Batt,338,,,Batt,0.0
x,339,,,slow,1.0
x,339,,,medium,3.0
x,339,,,fast,0.0
PV,339,,,PV,0.0
Batt,339,,,Batt,0.0
x,340,,,slow,1.0
x,340,,,medium,3.0
x,340,,,fast,0.0
PV,340,,,PV,0.0
Batt,340,,,Batt,0.0
x,341,,,slow,0.0
x,341,,,medium,11.0
x,341,,,fast,1.0
PV,341,,,PV,0.0
Batt,341,,,Batt,0.0
x,342,,,slow,0.0
x,342,,,medium,5.0
x,342,,,fast,1.0
PV,342,,,PV,0.0
Batt,342,,,Batt,0.0
x,343,,,slow,1.0
x,343,,,medium,7.0
x,343,,,fast,1.0
PV,343,,,PV,0.0
Batt,343,,,Batt,0.0
x,344,,,slow,0.0
x,344,,,medium,9.0
x,344,,,fast,1.0
PV,344,,,PV,0.0
Batt,344,,,Batt,0.0
x,345,,,slow,1.0
x,345,,,medium,5.0
x,345,,,fast,2.0
PV,345,,,PV,0.0
Batt,345,,,Batt,0.0
x,346,,,slow,0.0
x,346,,,medium,3.0
x,346,,,fast,1.0
PV,346,,,PV,0.0
Batt,346,,,Batt,0.0
x,347,,,slow,0.0
x,347,,,medium,11.0
x,347,,,fast,0.0
PV,347,,,PV,0.0
Batt,347,,,Batt,0.0
x,348,,,slow,1.0
x,348,,,medium,4.0
x,348,,,fast,0.0
PV,348,,,PV,0.0
Batt,348,,,Batt,0.0
x,349,,,slow,1.0
x,349,,,medium,7.0
x,349,,,fast,1.0
PV,349,,,PV,0.0
Batt,349,,,Batt,0.0
x,350,,,slow,0.0
x,350,,,medium,8.0
x,350,,,fast,1.0
PV,350,,,PV,0.0
Batt,350,,,Batt,0.0
x,351,,,slow,1.0
x,351,,,medium,6.0
x,351,,,fast,1.0
PV,351,,,PV,0.0
Batt,351,,,Batt,0.0
x,352,,,slow,1.0
x,352,,,medium,20.0
x,352,,,fast,1.0
PV,352,,,PV,0.0
Batt,352,,,Batt,0.0
x,353,,,slow,12.0
x,353,,,medium,2.0
x,353,,,fast,1.0
PV,353,,,PV,0.0
Batt,353,,,Batt,0.0
x,354,,,slow,1.0
x,354,,,medium,3.0
x,354,,,fast,1.0
PV,354,,,PV,0.0
Batt,354,,,Batt,0.0
x,355,,,slow,1.0
x,355,,,medium,8.0
x,355,,,fast,0.0
PV,355,,,PV,0.0
Batt,355,,,Batt,0.0
x,356,,,slow,1.0
x,356,,,medium,4.0
x,356,,,fast,0.0
PV,356,,,PV,0.0
Batt,356,,,Batt,0.0
x,357,,,slow,1.0
x,357,,,medium,4.0
x,357,,,fast,0.0
PV,357,,,PV,0.0
Batt,357,,,Batt,0.0
x,358,,,slow,0.0
x,358,,,medium,3.0
x,358,,,fast,0.0
PV,358,,,PV,0.0
Batt,358,,,Batt,0.0
x,359,,,slow,7.0
x,359,,,medium,3.0
x,359,,,fast,0.0
PV,359,,,PV,0.0
Batt,359,,,Batt,0.0
x,360,,,slow,0.0
x,360,,,medium,0.0
x,360,,,fast,0.0
PV,360,,,PV,0.0
Batt,360,,,Batt,0.0
x,361,,,slow,0.0
x,361,,,medium,0.0
x,361,,,fast,0.0
PV,361,,,PV,0.0
Batt,361,,,Batt,0.0
x,362,,,slow,1.0
x,362,,,medium,6.0
x,362,,,fast,1.0
PV,362,,,PV,0.0
Batt,362,,,Batt,0.0
x,363,,,slow,0.0
x,363,,,medium,2.0
x,363,,,fast,0.0
PV,363,,,PV,0.0
Batt,363,,,Batt,0.0
x,364,,,slow,1.0
x,364,,,medium,6.0
x,364,,,fast,1.0
PV,364,,,PV,0.0
Batt,364,,,Batt,0.0
x,365,,,slow,0.0
x,365,,,medium,1.0
x,365,,,fast,1.0
PV,365,,,PV,0.0
Batt,365,,,Batt,0.0
x,366,,,slow,1.0
x,366,,,medium,0.0
x,366,,,fast,0.0
PV,366,,,PV,0.0
Batt,366,,,Batt,0.0
x,367,,,slow,4.0
x,367,,,medium,8.0
x,367,,,fast,2.0
PV,367,,,PV,0.0
Batt,367,,,Batt,0.0
x,368,,,slow,0.0
x,368,,,medium,3.0
x,368,,,fast,0.0
PV,368,,,PV,0.0
Batt,368,,,Batt,0.0
x,369,,,slow,1.0
x,369,,,medium,9.0
x,369,,,fast,0.0
PV,369,,,PV,0.0
Batt,369,,,Batt,0.0
x,370,,,slow,0.0
x,370,,,medium,9.0
x,370,,,fast,0.0
PV,370,,,PV,0.0
Batt,370,,,Batt,0.0
x,371,,,slow,0.0
x,371,,,medium,9.0
x,371,,,fast,0.0
PV,371,,,PV,0.0
Batt,371,,,Batt,0.0
x,372,,,slow,0.0
x,372,,,medium,4.0
x,372,,,fast,1.0
PV,372,,,PV,0.0
Batt,372,,,Batt,0.0
x,373,,,slow,1.0
x,373,,,medium,7.0
x,373,,,fast,0.0
PV,373,,,PV,0.0
Batt,373,,,Batt,0.0
x,374,,,slow,1.0
x,374,,,medium,2.0
x,374,,,fast,1.0
PV,374,,,PV,0.0
Batt,374,,,Batt,0.0
x,375,,,slow,0.0
x,375,,,medium,9.0
x,375,,,fast,2.0
PV,375,,,PV,0.0
Batt,375,,,Batt,0.0
x,376,,,slow,3.0
x,376,,,medium,5.0
x,376,,,fast,2.0
PV,376,,,PV,0.0
Batt,376,,,Batt,0.0
x,377,,,slow,0.0
x,377,,,medium,4.0
x,377,,,fast,0.0
PV,377,,,PV,0.0
Batt,377,,,Batt,0.0
x,378,,,slow,0.0
x,378,,,medium,3.0
x,378,,,fast,0.0
PV,378,,,PV,0.0
Batt,378,,,Batt,0.0
x,379,,,slow,0.0
x,379,,,medium,6.0
x,379,,,fast,0.0
PV,379,,,PV,0.0
Batt,379,,,Batt,0.0
x,380,,,slow,1.0
x,380,,,medium,4.0
x,380,,,fast,0.0
PV,380,,,PV,0.0
Batt,380,,,Batt,0.0
x,381,,,slow,6.0
x,381,,,medium,4.0
x,381,,,fast,0.0
PV,381,,,PV,0.0
Batt,381,,,Batt,0.0
x,382,,,slow,1.0
x,382,,,medium,9.0
x,382,,,fast,1.0
PV,382,,,PV,0.0
Batt,382,,,Batt,0.0
x,383,,,slow,1.0
x,383,,,medium,8.0
x,383,,,fast,0.0
PV,383,,,PV,0.0
Batt,383,,,Batt,0.0
x,384,,,slow,0.0
x,384,,,medium,0.0
x,384,,,fast,0.0
PV,384,,,PV,0.0
Batt,384,,,Batt,0.0
x,385,,,slow,0.0
x,385,,,medium,4.0
x,385,,,fast,0.0
PV,385,,,PV,0.0
Batt,385,,,Batt,0.0
x,386,,,slow,0.0
x,386,,,medium,3.0
x,386,,,fast,0.0
PV,386,,,PV,0.0
Batt,386,,,Batt,0.0
x,387,,,slow,1.0
x,387,,,medium,4.0
x,387,,,fast,0.0
PV,387,,,PV,0.0
Batt,387,,,Batt,0.0
x,388,,,slow,1.0
x,388,,,medium,6.0
x,388,,,fast,0.0
PV,388,,,PV,0.0
Batt,388,,,Batt,0.0
x,389,,,slow,1.0
x,389,,,medium,4.0
x,389,,,fast,0.0
PV,389,,,PV,0.0
Batt,389,,,Batt,0.0
x,390,,,slow,5.0
x,390,,,medium,3.0
x,390,,,fast,0.0
PV,390,,,PV,0.0
Batt,390,,,Batt,0.0
x,391,,,slow,0.0
x,391,,,medium,0.0
x,391,,,fast,0.0
PV,391,,,PV,0.0
Batt,391,,,Batt,0.0
x,392,,,slow,1.0
x,392,,,medium,2.0
x,392,,,fast,1.0
PV,392,,,PV,0.0
Batt,392,,,Batt,0.0
x,393,,,slow,25.0
x,393,,,medium,28.0
x,393,,,fast,1.0
PV,393,,,PV,0.0
Batt,393,,,Batt,0.0
x,394,,,slow,0.0
x,394,,,medium,5.0
x,394,,,fast,0.0
PV,394,,,PV,0.0
Batt,394,,,Batt,0.0
x,395,,,slow,1.0
x,395,,,medium,7.0
x,395,,,fast,2.0
PV,395,,,PV,0.0
Batt,395,,,Batt,0.0
x,396,,,slow,0.0
x,396,,,medium,1.0
x,396,,,fast,1.0
PV,396,,,PV,0.0
Batt,396,,,Batt,0.0
x,397,,,slow,0.0
x,397,,,medium,5.0
x,397,,,fast,0.0
PV,397,,,PV,0.0
Batt,397,,,Batt,0.0
x,398,,,slow,1.0
x,398,,,medium,0.0
x,398,,,fast,0.0
PV,398,,,PV,0.0
Batt,398,,,Batt,0.0
x,399,,,slow,0.0
x,399,,,medium,5.0
x,399,,,fast,1.0
PV,399,,,PV,0.0
Batt,399,,,Batt,0.0
x,400,,,slow,0.0
x,400,,,medium,5.0
x,400,,,fast,0.0
PV,400,,,PV,0.0
Batt,400,,,Batt,0.0
x,401,,,slow,1.0
x,401,,,medium,2.0
x,401,,,fast,1.0
PV,401,,,PV,0.0
Batt,401,,,Batt,0.0
x,402,,,slow,1.0
x,402,,,medium,1.0
x,402,,,fast,1.0
PV,402,,,PV,0.0
Batt,402,,,Batt,0.0
x,403,,,slow,3.0
x,403,,,medium,2.0
x,403,,,fast,1.0
PV,403,,,PV,0.0
Batt,403,,,Batt,0.0
x,404,,,slow,1.0
x,404,,,medium,3.0
x,404,,,fast,0.0
PV,404,,,PV,0.0
Batt,404,,,Batt,0.0
x,405,,,slow,0.0
x,405,,,medium,3.0
x,405,,,fast,0.0
PV,405,,,PV,0.0
Batt,405,,,Batt,0.0
x,406,,,slow,0.0
x,406,,,medium,5.0
x,406,,,fast,0.0
PV,406,,,PV,0.0
Batt,406,,,Batt,0.0
x,407,,,slow,0.0
x,407,,,medium,6.0
x,407,,,fast,0.0
PV,407,,,PV,0.0
Batt,407,,,Batt,0.0
x,408,,,slow,1.0
x,408,,,medium,4.0
x,408,,,fast,0.0
PV,408,,,PV,0.0
Batt,408,,,Batt,0.0
x,409,,,slow,0.0
x,409,,,medium,3.0
x,409,,,fast,0.0
PV,409,,,PV,0.0
Batt,409,,,Batt,0.0
x,410,,,slow,0.0
x,410,,,medium,3.0
x,410,,,fast,2.0
PV,410,,,PV,0.0
Batt,410,,,Batt,0.0
x,411,,,slow,1.0
x,411,,,medium,12.0
x,411,,,fast,1.0
PV,411,,,PV,0.0
Batt,411,,,Batt,0.0
x,412,,,slow,1.0
x,412,,,medium,3.0
x,412,,,fast,0.0
PV,412,,,PV,0.0
Batt,412,,,Batt,0.0
x,413,,,slow,1.0
x,413,,,medium,3.0
x,413,,,fast,0.0
PV,413,,,PV,0.0
Batt,413,,,Batt,0.0
x,414,,,slow,1.0
x,414,,,medium,3.0
x,414,,,fast,0.0
PV,414,,,PV,0.0
Batt,414,,,Batt,0.0
x,415,,,slow,1.0
x,415,,,medium,1.0
x,415,,,fast,0.0
PV,415,,,PV,0.0
Batt,415,,,Batt,0.0
x,416,,,slow,0.0
x,416,,,medium,1.0
x,416,,,fast,0.0
PV,416,,,PV,0.0
Batt,416,,,Batt,0.0
x,417,,,slow,0.0
x,417,,,medium,4.0
x,417,,,fast,0.0
PV,417,,,PV,0.0
Batt,417,,,Batt,0.0
x,418,,,slow,0.0
x,418,,,medium,6.0
x,418,,,fast,0.0
PV,418,,,PV,0.0
Batt,418,,,Batt,0.0
x,419,,,slow,1.0
x,419,,,medium,4.0
x,419,,,fast,0.0
PV,419,,,PV,0.0
Batt,419,,,Batt,0.0
x,420,,,slow,0.0
x,420,,,medium,0.0
x,420,,,fast,0.0
PV,420,,,PV,0.0
Batt,420,,,Batt,0.0
x,421,,,slow,1.0
x,421,,,medium,2.0
x,421,,,fast,0.0
PV,421,,,PV,0.0
Batt,421,,,Batt,0.0
x,422,,,slow,1.0
x,422,,,medium,8.0
x,422,,,fast,0.0
PV,422,,,PV,0.0
Batt,422,,,Batt,0.0
x,423,,,slow,1.0
x,423,,,medium,7.0
x,423,,,fast,1.0
PV,423,,,PV,0.0
Batt,423,,,Batt,0.0
x,424,,,slow,0.0
x,424,,,medium,4.0
x,424,,,fast,0.0
PV,424,,,PV,0.0
Batt,424,,,Batt,0.0
x,425,,,slow,0.0
x,425,,,medium,3.0
x,425,,,fast,0.0
PV,425,,,PV,0.0
Batt,425,,,Batt,0.0
x,426,,,slow,0.0
x,426,,,medium,2.0
x,426,,,fast,1.0
PV,426,,,PV,0.0
Batt,426,,,Batt,0.0
x,427,,,slow,0.0
x,427,,,medium,2.0
x,427,,,fast,0.0
PV,427,,,PV,0.0
Batt,427,,,Batt,0.0
x,428,,,slow,1.0
x,428,,,medium,5.0
x,428,,,fast,1.0
PV,428,,,PV,0.0
Batt,428,,,Batt,0.0
x,429,,,slow,1.0
x,429,,,medium,1.0
x,429,,,fast,1.0
PV,429,,,PV,0.0
Batt,429,,,Batt,0.0
x,430,,,slow,1.0
x,430,,,medium,11.0
x,430,,,fast,1.0
PV,430,,,PV,0.0
Batt,430,,,Batt,0.0
x,431,,,slow,1.0
x,431,,,medium,1.0
x,431,,,fast,0.0
PV,431,,,PV,0.0
Batt,431,,,Batt,0.0
x,432,,,slow,0.0
x,432,,,medium,4.0
x,432,,,fast,1.0
PV,432,,,PV,0.0
Batt,432,,,Batt,0.0
x,433,,,slow,1.0
x,433,,,medium,2.0
x,433,,,fast,0.0
PV,433,,,PV,0.0
Batt,433,,,Batt,0.0
x,434,,,slow,1.0
x,434,,,medium,4.0
x,434,,,fast,0.0
PV,434,,,PV,0.0
Batt,434,,,Batt,0.0
x,435,,,slow,1.0
x,435,,,medium,9.0
x,435,,,fast,0.0
PV,435,,,PV,0.0
Batt,435,,,Batt,0.0
x,436,,,slow,1.0
x,436,,,medium,7.0
x,436,,,fast,0.0
PV,436,,,PV,0.0
Batt,436,,,Batt,0.0
x,437,,,slow,1.0
x,437,,,medium,3.0
x,437,,,fast,0.0
PV,437,,,PV,0.0
Batt,437,,,Batt,0.0
x,438,,,slow,1.0
x,438,,,medium,2.0
x,438,,,fast,1.0
PV,438,,,PV,0.0
Batt,438,,,Batt,0.0
x,439,,,slow,0.0
x,439,,,medium,1.0
x,439,,,fast,1.0
PV,439,,,PV,0.0
Batt,439,,,Batt,0.0
x,440,,,slow,0.0
x,440,,,medium,0.0
x,440,,,fast,0.0
PV,440,,,PV,0.0
Batt,440,,,Batt,0.0
x,441,,,slow,1.0
x,441,,,medium,3.0
x,441,,,fast,0.0
PV,441,,,PV,0.0
Batt,441,,,Batt,0.0
x,442,,,slow,1.0
x,442,,,medium,3.0
x,442,,,fast,0.0
PV,442,,,PV,0.0
Batt,442,,,Batt,0.0
x,443,,,slow,0.0
x,443,,,medium,2.0
x,443,,,fast,0.0
PV,443,,,PV,0.0
Batt,443,,,Batt,0.0
x,444,,,slow,5.0
x,444,,,medium,4.0
x,444,,,fast,0.0
PV,444,,,PV,0.0
Batt,444,,,Batt,0.0
x,445,,,slow,0.0
x,445,,,medium,6.0
x,445,,,fast,0.0
PV,445,,,PV,0.0
Batt,445,,,Batt,0.0
x,446,,,slow,0.0
x,446,,,medium,0.0
x,446,,,fast,0.0
PV,446,,,PV,0.0
Batt,446,,,Batt,0.0
x,447,,,slow,1.0
x,447,,,medium,4.0
x,447,,,fast,0.0
PV,447,,,PV,0.0
Batt,447,,,Batt,0.0
x,448,,,slow,0.0
x,448,,,medium,3.0
x,448,,,fast,0.0
PV,448,,,PV,0.0
Batt,448,,,Batt,0.0
x,449,,,slow,0.0
x,449,,,medium,2.0
x,449,,,fast,0.0
PV,449,,,PV,0.0
Batt,449,,,Batt,0.0
x,450,,,slow,0.0
x,450,,,medium,3.0
x,450,,,fast,0.0
PV,450,,,PV,0.0
Batt,450,,,Batt,0.0
x,451,,,slow,0.0
x,451,,,medium,3.0
x,451,,,fast,0.0
PV,451,,,PV,0.0
Batt,451,,,Batt,0.0
x,452,,,slow,0.0
x,452,,,medium,3.0
x,452,,,fast,0.0
PV,452,,,PV,0.0
Batt,452,,,Batt,0.0
x,453,,,slow,1.0
x,453,,,medium,7.0
x,453,,,fast,0.0
PV,453,,,PV,0.0
Batt,453,,,Batt,0.0
x,454,,,slow,0.0
x,454,,,medium,3.0
x,454,,,fast,0.0
PV,454,,,PV,0.0
Batt,454,,,Batt,0.0
x,455,,,slow,0.0
x,455,,,medium,4.0
x,455,,,fast,0.0
PV,455,,,PV,0.0
Batt,455,,,Batt,0.0
x,456,,,slow,0.0
x,456,,,medium,6.0
x,456,,,fast,1.0
PV,456,,,PV,0.0
Batt,456,,,Batt,0.0
x,457,,,slow,1.0
x,457,,,medium,4.0
x,457,,,fast,1.0
PV,457,,,PV,0.0
Batt,457,,,Batt,0.0
x,458,,,slow,1.0
x,458,,,medium,4.0
x,458,,,fast,1.0
PV,458,,,PV,0.0
Batt,458,,,Batt,0.0
x,459,,,slow,0.0
x,459,,,medium,6.0
x,459,,,fast,0.0
PV,459,,,PV,0.0
Batt,459,,,Batt,0.0
x,460,,,slow,0.0
x,460,,,medium,4.0
x,460,,,fast,1.0
PV,460,,,PV,0.0
Batt,460,,,Batt,0.0
x,461,,,slow,1.0
x,461,,,medium,2.0
x,461,,,fast,0.0
PV,461,,,PV,0.0
Batt,461,,,Batt,0.0
x,462,,,slow,1.0
x,462,,,medium,7.0
x,462,,,fast,0.0
PV,462,,,PV,0.0
Batt,462,,,Batt,0.0
x,463,,,slow,0.0
x,463,,,medium,1.0
x,463,,,fast,1.0
PV,463,,,PV,0.0
Batt,463,,,Batt,0.0
x,464,,,slow,0.0
x,464,,,medium,2.0
x,464,,,fast,0.0
PV,464,,,PV,0.0
Batt,464,,,Batt,0.0
x,465,,,slow,10.0
x,465,,,medium,2.0
x,465,,,fast,0.0
PV,465,,,PV,0.0
Batt,465,,,Batt,0.0
x,466,,,slow,5.0
x,466,,,medium,3.0
x,466,,,fast,0.0
PV,466,,,PV,0.0
Batt,466,,,Batt,0.0
x,467,,,slow,1.0
x,467,,,medium,2.0
x,467,,,fast,0.0
PV,467,,,PV,0.0
Batt,467,,,Batt,0.0
x,468,,,slow,1.0
x,468,,,medium,4.0
x,468,,,fast,0.0
PV,468,,,PV,0.0
Batt,468,,,Batt,0.0
x,469,,,slow,0.0
x,469,,,medium,2.0
x,469,,,fast,0.0
PV,469,,,PV,0.0
Batt,469,,,Batt,0.0
x,470,,,slow,0.0
x,470,,,medium,0.0
x,470,,,fast,0.0
PV,470,,,PV,0.0
Batt,470,,,Batt,0.0
x,471,,,slow,0.0
x,471,,,medium,1.0
x,471,,,fast,0.0
PV,471,,,PV,0.0
Batt,471,,,Batt,0.0
x,472,,,slow,0.0
x,472,,,medium,2.0
x,472,,,fast,0.0
PV,472,,,PV,0.0
Batt,472,,,Batt,0.0
x,473,,,slow,1.0
x,473,,,medium,2.0
x,473,,,fast,0.0
PV,473,,,PV,0.0
Batt,473,,,Batt,0.0
x,474,,,slow,0.0
x,474,,,medium,0.0
x,474,,,fast,0.0
PV,474,,,PV,0.0
Batt,474,,,Batt,0.0
x,475,,,slow,0.0
x,475,,,medium,2.0
x,475,,,fast,0.0
PV,475,,,PV,0.0
Batt,475,,,Batt,0.0
x,476,,,slow,0.0
x,476,,,medium,2.0
x,476,,,fast,0.0
PV,476,,,PV,0.0
Batt,476,,,Batt,0.0
x,477,,,slow,0.0
x,477,,,medium,2.0
x,477,,,fast,0.0
PV,477,,,PV,0.0
Batt,477,,,Batt,0.0
x,478,,,slow,0.0
x,478,,,medium,1.0
x,478,,,fast,0.0
PV,478,,,PV,0.0
Batt,478,,,Batt,0.0
x,479,,,slow,1.0
x,479,,,medium,1.0
x,479,,,fast,1.0
PV,479,,,PV,0.0
Batt,479,,,Batt,0.0
x,480,,,slow,1.0
x,480,,,medium,3.0
x,480,,,fast,0.0
PV,480,,,PV,0.0
Batt,480,,,Batt,0.0
x,481,,,slow,0.0
x,481,,,medium,3.0
x,481,,,fast,0.0
PV,481,,,PV,0.0
Batt,481,,,Batt,0.0
x,482,,,slow,1.0
x,482,,,medium,6.0
x,482,,,fast,0.0
PV,482,,,PV,0.0
Batt,482,,,Batt,0.0
x,483,,,slow,1.0
x,483,,,medium,11.0
x,483,,,fast,1.0
PV,483,,,PV,0.0
Batt,483,,,Batt,0.0
x,484,,,slow,1.0
x,484,,,medium,2.0
x,484,,,fast,0.0
PV,484,,,PV,0.0
Batt,484,,,Batt,0.0
x,485,,,slow,0.0
x,485,,,medium,1.0
x,485,,,fast,0.0
PV,485,,,PV,0.0
Batt,485,,,Batt,0.0
x,486,,,slow,0.0
x,486,,,medium,5.0
x,486,,,fast,0.0
PV,486,,,PV,0.0
Batt,486,,,Batt,0.0
x,487,,,slow,1.0
x,487,,,medium,3.0
x,487,,,fast,1.0
PV,487,,,PV,0.0
Batt,487,,,Batt,0.0
x,488,,,slow,0.0
x,488,,,medium,0.0
x,488,,,fast,1.0
PV,488,,,PV,0.0
Batt,488,,,Batt,0.0
x,489,,,slow,0.0
x,489,,,medium,7.0
x,489,,,fast,0.0
PV,489,,,PV,0.0
Batt,489,,,Batt,0.0
x,490,,,slow,0.0
x,490,,,medium,7.0
x,490,,,fast,0.0
PV,490,,,PV,0.0
Batt,490,,,Batt,0.0
x,491,,,slow,0.0
x,491,,,medium,0.0
x,491,,,fast,0.0
PV,491,,,PV,0.0
Batt,491,,,Batt,0.0
x,492,,,slow,1.0
x,492,,,medium,2.0
x,492,,,fast,0.0
PV,492,,,PV,0.0
Batt,492,,,Batt,0.0
x,493,,,slow,0.0
x,493,,,medium,3.0
x,493,,,fast,0.0
PV,493,,,PV,0.0
Batt,493,,,Batt,0.0
x,494,,,slow,1.0
x,494,,,medium,2.0
x,494,,,fast,0.0
PV,494,,,PV,0.0
Batt,494,,,Batt,0.0
x,495,,,slow,0.0
x,495,,,medium,1.0
x,495,,,fast,0.0
PV,495,,,PV,0.0
Batt,495,,,Batt,0.0
x,496,,,slow,0.0
x,496,,,medium,5.0
x,496,,,fast,1.0
PV,496,,,PV,0.0
Batt,496,,,Batt,0.0
x,497,,,slow,0.0
x,497,,,medium,2.0
x,497,,,fast,0.0
PV,497,,,PV,0.0
Batt,497,,,Batt,0.0
x,498,,,slow,1.0
x,498,,,medium,1.0
x,498,,,fast,0.0
PV,498,,,PV,0.0
Batt,498,,,Batt,0.0
x,499,,,slow,0.0
x,499,,,medium,1.0
x,499,,,fast,1.0
PV,499,,,PV,0.0
Batt,499,,,Batt,0.0
x,500,,,slow,0.0
x,500,,,medium,5.0
x,500,,,fast,0.0
PV,500,,,PV,0.0
Batt,500,,,Batt,0.0
x,501,,,slow,1.0
x,501,,,medium,6.0
x,501,,,fast,0.0
PV,501,,,PV,0.0
Batt,501,,,Batt,0.0
x,502,,,slow,1.0
x,502,,,medium,1.0
x,502,,,fast,0.0
PV,502,,,PV,0.0
Batt,502,,,Batt,0.0
x,503,,,slow,0.0
x,503,,,medium,0.0
x,503,,,fast,0.0
PV,503,,,PV,0.0
Batt,503,,,Batt,0.0
x,504,,,slow,0.0
x,504,,,medium,2.0
x,504,,,fast,0.0
PV,504,,,PV,0.0
Batt,504,,,Batt,0.0
x,505,,,slow,0.0
x,505,,,medium,1.0
x,505,,,fast,0.0
PV,505,,,PV,0.0
Batt,505,,,Batt,0.0
x,506,,,slow,1.0
x,506,,,medium,6.0
x,506,,,fast,0.0
PV,506,,,PV,0.0
Batt,506,,,Batt,0.0
x,507,,,slow,1.0
x,507,,,medium,10.0
x,507,,,fast,1.0
PV,507,,,PV,0.0
Batt,507,,,Batt,0.0
x,508,,,slow,1.0
x,508,,,medium,5.0
x,508,,,fast,1.0
PV,508,,,PV,0.0
Batt,508,,,Batt,0.0
x,509,,,slow,1.0
x,509,,,medium,5.0
x,509,,,fast,0.0
PV,509,,,PV,0.0
Batt,509,,,Batt,0.0
x,510,,,slow,1.0
x,510,,,medium,2.0
x,510,,,fast,0.0
PV,510,,,PV,0.0
Batt,510,,,Batt,0.0
x,511,,,slow,0.0
x,511,,,medium,3.0
x,511,,,fast,1.0
PV,511,,,PV,0.0
Batt,511,,,Batt,0.0
x,512,,,slow,0.0
x,512,,,medium,3.0
x,512,,,fast,0.0
PV,512,,,PV,0.0
Batt,512,,,Batt,0.0
x,513,,,slow,0.0
x,513,,,medium,4.0
x,513,,,fast,0.0
PV,513,,,PV,0.0
Batt,513,,,Batt,0.0
x,514,,,slow,1.0
x,514,,,medium,1.0
x,514,,,fast,0.0
PV,514,,,PV,0.0
Batt,514,,,Batt,0.0
x,515,,,slow,1.0
x,515,,,medium,4.0
x,515,,,fast,0.0
PV,515,,,PV,0.0
Batt,515,,,Batt,0.0
x,516,,,slow,1.0
x,516,,,medium,0.0
x,516,,,fast,0.0
PV,516,,,PV,0.0
Batt,516,,,Batt,0.0
x,517,,,slow,0.0
x,517,,,medium,3.0
x,517,,,fast,0.0
PV,517,,,PV,0.0
Batt,517,,,Batt,0.0
x,518,,,slow,0.0
x,518,,,medium,0.0
x,518,,,fast,0.0
PV,518,,,PV,0.0
Batt,518,,,Batt,0.0
x,519,,,slow,1.0
x,519,,,medium,1.0
x,519,,,fast,1.0
PV,519,,,PV,0.0
Batt,519,,,Batt,0.0
x,520,,,slow,1.0
x,520,,,medium,0.0
x,520,,,fast,0.0
PV,520,,,PV,0.0
Batt,520,,,Batt,0.0
x,521,,,slow,1.0
x,521,,,medium,4.0
x,521,,,fast,1.0
PV,521,,,PV,0.0
Batt,521,,,Batt,0.0
x,522,,,slow,1.0
x,522,,,medium,4.0
x,522,,,fast,0.0
PV,522,,,PV,0.0
Batt,522,,,Batt,0.0
x,523,,,slow,0.0
x,523,,,medium,8.0
x,523,,,fast,1.0
PV,523,,,PV,0.0
Batt,523,,,Batt,0.0
x,524,,,slow,1.0
x,524,,,medium,3.0
x,524,,,fast,0.0
PV,524,,,PV,0.0
Batt,524,,,Batt,0.0
x,525,,,slow,1.0
x,525,,,medium,9.0
x,525,,,fast,0.0
PV,525,,,PV,0.0
Batt,525,,,Batt,0.0
x,526,,,slow,1.0
x,526,,,medium,1.0
x,526,,,fast,0.0
PV,526,,,PV,0.0
Batt,526,,,Batt,0.0
x,527,,,slow,0.0
x,527,,,medium,2.0
x,527,,,fast,0.0
PV,527,,,PV,0.0
Batt,527,,,Batt,0.0
x,528,,,slow,0.0
x,528,,,medium,0.0
x,528,,,fast,0.0
PV,528,,,PV,0.0
Batt,528,,,Batt,0.0
x,529,,,slow,0.0
x,529,,,medium,2.0
x,529,,,fast,0.0
PV,529,,,PV,0.0
Batt,529,,,Batt,0.0
x,530,,,slow,0.0
x,530,,,medium,0.0
x,530,,,fast,0.0
PV,530,,,PV,0.0
Batt,530,,,Batt,0.0
x,531,,,slow,0.0
x,531,,,medium,1.0
x,531,,,fast,0.0
PV,531,,,PV,0.0
Batt,531,,,Batt,0.0
x,532,,,slow,0.0
x,532,,,medium,1.0
x,532,,,fast,0.0
PV,532,,,PV,0.0
Batt,532,,,Batt,0.0
x,533,,,slow,0.0
x,533,,,medium,3.0
x,533,,,fast,0.0
PV,533,,,PV,0.0
Batt,533,,,Batt,0.0
x,534,,,slow,1.0
x,534,,,medium,1.0
x,534,,,fast,0.0
PV,534,,,PV,0.0
Batt,534,,,Batt,0.0
x,535,,,slow,0.0
x,535,,,medium,6.0
x,535,,,fast,0.0
PV,535,,,PV,0.0
Batt,535,,,Batt,0.0
x,536,,,slow,1.0
x,536,,,medium,0.0
x,536,,,fast,0.0
PV,536,,,PV,0.0
Batt,536,,,Batt,0.0
x,537,,,slow,1.0
x,537,,,medium,6.0
x,537,,,fast,0.0
PV,537,,,PV,0.0
Batt,537,,,Batt,0.0
x,538,,,slow,10.0
x,538,,,medium,0.0
x,538,,,fast,1.0
PV,538,,,PV,0.0
Batt,538,,,Batt,0.0
x,539,,,slow,1.0
x,539,,,medium,3.0
x,539,,,fast,0.0
PV,539,,,PV,0.0
Batt,539,,,Batt,0.0
x,540,,,slow,0.0
x,540,,,medium,2.0
x,540,,,fast,0.0
PV,540,,,PV,0.0
Batt,540,,,Batt,0.0
x,541,,,slow,0.0
x,541,,,medium,1.0
x,541,,,fast,0.0
PV,541,,,PV,0.0
Batt,541,,,Batt,0.0
x,542,,,slow,0.0
x,542,,,medium,2.0
x,542,,,fast,0.0
PV,542,,,PV,0.0
Batt,542,,,Batt,0.0
x,543,,,slow,1.0
x,543,,,medium,3.0
x,543,,,fast,0.0
PV,543,,,PV,0.0
Batt,543,,,Batt,0.0
x,544,,,slow,0.0
x,544,,,medium,2.0
x,544,,,fast,0.0
PV,544,,,PV,0.0
Batt,544,,,Batt,0.0
x,545,,,slow,0.0
x,545,,,medium,0.0
x,545,,,fast,0.0
PV,545,,,PV,0.0
Batt,545,,,Batt,0.0
x,546,,,slow,1.0
x,546,,,medium,0.0
x,546,,,fast,0.0
PV,546,,,PV,0.0
Batt,546,,,Batt,0.0
x,547,,,slow,0.0
x,547,,,medium,1.0
x,547,,,fast,0.0
PV,547,,,PV,0.0
Batt,547,,,Batt,0.0
x,548,,,slow,0.0
x,548,,,medium,3.0
x,548,,,fast,0.0
PV,548,,,PV,0.0
Batt,548,,,Batt,0.0
x,549,,,slow,1.0
x,549,,,medium,1.0
x,549,,,fast,0.0
PV,549,,,PV,0.0
Batt,549,,,Batt,0.0
x,550,,,slow,0.0
x,550,,,medium,5.0
x,550,,,fast,0.0
PV,550,,,PV,0.0
Batt,550,,,Batt,0.0
x,551,,,slow,1.0
x,551,,,medium,2.0
x,551,,,fast,0.0
PV,551,,,PV,0.0
Batt,551,,,Batt,0.0
x,552,,,slow,0.0
x,552,,,medium,4.0
x,552,,,fast,0.0
PV,552,,,PV,0.0
Batt,552,,,Batt,0.0
x,553,,,slow,0.0
x,553,,,medium,0.0
x,553,,,fast,0.0
PV,553,,,PV,0.0
Batt,553,,,Batt,0.0
x,554,,,slow,1.0
x,554,,,medium,9.0
x,554,,,fast,1.0
PV,554,,,PV,0.0
Batt,554,,,Batt,0.0
x,555,,,slow,0.0
x,555,,,medium,0.0
x,555,,,fast,0.0
PV,555,,,PV,0.0
Batt,555,,,Batt,0.0
x,556,,,slow,0.0
x,556,,,medium,2.0
x,556,,,fast,0.0
PV,556,,,PV,0.0
Batt,556,,,Batt,0.0
x,557,,,slow,0.0
x,557,,,medium,3.0
x,557,,,fast,0.0
PV,557,,,PV,0.0
Batt,557,,,Batt,0.0
x,558,,,slow,0.0
x,558,,,medium,3.0
x,558,,,fast,0.0
PV,558,,,PV,0.0
Batt,558,,,Batt,0.0
x,559,,,slow,1.0
x,559,,,medium,0.0
x,559,,,fast,0.0
PV,559,,,PV,0.0
Batt,559,,,Batt,0.0
x,560,,,slow,0.0
x,560,,,medium,4.0
x,560,,,fast,0.0
PV,560,,,PV,0.0
Batt,560,,,Batt,0.0
x,561,,,slow,0.0
x,561,,,medium,2.0
x,561,,,fast,0.0
PV,561,,,PV,0.0
Batt,561,,,Batt,0.0
x,562,,,slow,0.0
x,562,,,medium,0.0
x,562,,,fast,0.0
PV,562,,,PV,0.0
Batt,562,,,Batt,0.0
x,563,,,slow,0.0
x,563,,,medium,2.0
x,563,,,fast,0.0
PV,563,,,PV,0.0
Batt,563,,,Batt,0.0
x,564,,,slow,0.0
x,564,,,medium,0.0
x,564,,,fast,0.0
PV,564,,,PV,0.0
Batt,564,,,Batt,0.0
x,565,,,slow,0.0
x,565,,,medium,0.0
x,565,,,fast,0.0
PV,565,,,PV,0.0
Batt,565,,,Batt,0.0
x,566,,,slow,1.0
x,566,,,medium,0.0
x,566,,,fast,0.0
PV,566,,,PV,0.0
Batt,566,,,Batt,0.0
x,567,,,slow,0.0
x,567,,,medium,2.0
x,567,,,fast,0.0
PV,567,,,PV,0.0
Batt,567,,,Batt,0.0
x,568,,,slow,0.0
x,568,,,medium,0.0
x,568,,,fast,0.0
PV,568,,,PV,0.0
Batt,568,,,Batt,0.0
x,569,,,slow,1.0
x,569,,,medium,0.0
x,569,,,fast,0.0
PV,569,,,PV,0.0
Batt,569,,,Batt,0.0
x,570,,,slow,0.0
x,570,,,medium,3.0
x,570,,,fast,0.0
PV,570,,,PV,0.0
Batt,570,,,Batt,0.0
x,571,,,slow,1.0
x,571,,,medium,7.0
x,571,,,fast,0.0
PV,571,,,PV,0.0
Batt,571,,,Batt,0.0
x,572,,,slow,1.0
x,572,,,medium,2.0
x,572,,,fast,0.0
PV,572,,,PV,0.0
Batt,572,,,Batt,0.0
x,573,,,slow,0.0
x,573,,,medium,3.0
x,573,,,fast,0.0
PV,573,,,PV,0.0
Batt,573,,,Batt,0.0
x,574,,,slow,0.0
x,574,,,medium,0.0
x,574,,,fast,0.0
PV,574,,,PV,0.0
Batt,574,,,Batt,0.0
x,575,,,slow,0.0
x,575,,,medium,0.0
x,575,,,fast,0.0
PV,575,,,PV,0.0
Batt,575,,,Batt,0.0
x,576,,,slow,1.0
x,576,,,medium,2.0
x,576,,,fast,0.0
PV,576,,,PV,0.0
Batt,576,,,Batt,0.0
x,577,,,slow,0.0
x,577,,,medium,0.0
x,577,,,fast,0.0
PV,577,,,PV,0.0
Batt,577,,,Batt,0.0
x,578,,,slow,0.0
x,578,,,medium,2.0
x,578,,,fast,0.0
PV,578,,,PV,0.0
Batt,578,,,Batt,0.0
x,579,,,slow,1.0
x,579,,,medium,2.0
x,579,,,fast,0.0
PV,579,,,PV,0.0
Batt,579,,,Batt,0.0
x,580,,,slow,0.0
x,580,,,medium,1.0
x,580,,,fast,0.0
PV,580,,,PV,0.0
Batt,580,,,Batt,0.0
x,581,,,slow,1.0
x,581,,,medium,1.0
x,581,,,fast,0.0
PV,581,,,PV,0.0
Batt,581,,,Batt,0.0
x,582,,,slow,1.0
x,582,,,medium,0.0
x,582,,,fast,0.0
PV,582,,,PV,0.0
Batt,582,,,Batt,0.0
x,583,,,slow,0.0
x,583,,,medium,0.0
x,583,,,fast,0.0
PV,583,,,PV,0.0
Batt,583,,,Batt,0.0
x,584,,,slow,0.0
x,584,,,medium,0.0
x,584,,,fast,0.0
PV,584,,,PV,0.0
Batt,584,,,Batt,0.0
x,585,,,slow,1.0
x,585,,,medium,5.0
x,585,,,fast,0.0
PV,585,,,PV,0.0
Batt,585,,,Batt,0.0
x,586,,,slow,1.0
x,586,,,medium,15.0
x,586,,,fast,1.0
PV,586,,,PV,0.0
Batt,586,,,Batt,0.0
x,587,,,slow,0.0
x,587,,,medium,1.0
x,587,,,fast,0.0
PV,587,,,PV,0.0
Batt,587,,,Batt,0.0
x,588,,,slow,0.0
x,588,,,medium,2.0
x,588,,,fast,0.0
PV,588,,,PV,0.0
Batt,588,,,Batt,0.0
x,589,,,slow,0.0
x,589,,,medium,0.0
x,589,,,fast,0.0
PV,589,,,PV,0.0
Batt,589,,,Batt,0.0
x,590,,,slow,0.0
x,590,,,medium,2.0
x,590,,,fast,2.0
PV,590,,,PV,0.0
Batt,590,,,Batt,0.0
x,591,,,slow,0.0
x,591,,,medium,6.0
x,591,,,fast,0.0
PV,591,,,PV,0.0
Batt,591,,,Batt,0.0
x,592,,,slow,2.0
x,592,,,medium,4.0
x,592,,,fast,0.0
PV,592,,,PV,0.0
Batt,592,,,Batt,0.0
x,593,,,slow,0.0
x,593,,,medium,3.0
x,593,,,fast,0.0
PV,593,,,PV,0.0
Batt,593,,,Batt,0.0
x,594,,,slow,0.0
x,594,,,medium,5.0
x,594,,,fast,0.0
PV,594,,,PV,0.0
Batt,594,,,Batt,0.0
x,595,,,slow,7.0
x,595,,,medium,3.0
x,595,,,fast,0.0
PV,595,,,PV,0.0
Batt,595,,,Batt,0.0
x,596,,,slow,0.0
x,596,,,medium,0.0
x,596,,,fast,0.0
PV,596,,,PV,0.0
Batt,596,,,Batt,0.0
x,597,,,slow,0.0
x,597,,,medium,0.0
x,597,,,fast,0.0
PV,597,,,PV,0.0
Batt,597,,,Batt,0.0
x,598,,,slow,0.0
x,598,,,medium,3.0
x,598,,,fast,0.0
PV,598,,,PV,0.0
Batt,598,,,Batt,0.0
x,599,,,slow,0.0
x,599,,,medium,2.0
x,599,,,fast,0.0
PV,599,,,PV,0.0
Batt,599,,,Batt,0.0
x,600,,,slow,0.0
x,600,,,medium,5.0
x,600,,,fast,0.0
PV,600,,,PV,0.0
Batt,600,,,Batt,0.0
x,601,,,slow,1.0
x,601,,,medium,4.0
x,601,,,fast,0.0
PV,601,,,PV,0.0
Batt,601,,,Batt,0.0
x,602,,,slow,0.0
x,602,,,medium,7.0
x,602,,,fast,1.0
PV,602,,,PV,0.0
Batt,602,,,Batt,0.0
x,603,,,slow,0.0
x,603,,,medium,0.0
x,603,,,fast,0.0
PV,603,,,PV,0.0
Batt,603,,,Batt,0.0
x,604,,,slow,1.0
x,604,,,medium,0.0
x,604,,,fast,0.0
PV,604,,,PV,0.0
Batt,604,,,Batt,0.0
x,605,,,slow,0.0
x,605,,,medium,15.0
x,605,,,fast,1.0
PV,605,,,PV,0.0
Batt,605,,,Batt,0.0
x,606,,,slow,0.0
x,606,,,medium,2.0
x,606,,,fast,0.0
PV,606,,,PV,0.0
Batt,606,,,Batt,0.0
x,607,,,slow,0.0
x,607,,,medium,0.0
x,607,,,fast,0.0
PV,607,,,PV,0.0
Batt,607,,,Batt,0.0
x,608,,,slow,0.0
x,608,,,medium,7.0
x,608,,,fast,0.0
PV,608,,,PV,0.0
Batt,608,,,Batt,0.0
x,609,,,slow,1.0
x,609,,,medium,1.0
x,609,,,fast,0.0
PV,609,,,PV,0.0
Batt,609,,,Batt,0.0
x,610,,,slow,0.0
x,610,,,medium,2.0
x,610,,,fast,0.0
PV,610,,,PV,0.0
Batt,610,,,Batt,0.0
x,611,,,slow,1.0
x,611,,,medium,3.0
x,611,,,fast,0.0
PV,611,,,PV,0.0
Batt,611,,,Batt,0.0
x,612,,,slow,0.0
x,612,,,medium,2.0
x,612,,,fast,0.0
PV,612,,,PV,0.0
Batt,612,,,Batt,0.0
x,613,,,slow,1.0
x,613,,,medium,3.0
x,613,,,fast,0.0
PV,613,,,PV,0.0
Batt,613,,,Batt,0.0
x,614,,,slow,14.0
x,614,,,medium,6.0
x,614,,,fast,0.0
PV,614,,,PV,0.0
Batt,614,,,Batt,0.0
x,615,,,slow,0.0
x,615,,,medium,0.0
x,615,,,fast,0.0
PV,615,,,PV,0.0
Batt,615,,,Batt,0.0
x,616,,,slow,1.0
x,616,,,medium,1.0
x,616,,,fast,0.0
PV,616,,,PV,0.0
Batt,616,,,Batt,0.0
x,617,,,slow,0.0
x,617,,,medium,9.0
x,617,,,fast,0.0
PV,617,,,PV,0.0
Batt,617,,,Batt,0.0
x,618,,,slow,0.0
x,618,,,medium,14.0
x,618,,,fast,0.0
PV,618,,,PV,0.0
Batt,618,,,Batt,0.0
x,619,,,slow,0.0
x,619,,,medium,7.0
x,619,,,fast,0.0
PV,619,,,PV,0.0
Batt,619,,,Batt,0.0
x,620,,,slow,0.0
x,620,,,medium,3.0
x,620,,,fast,0.0
PV,620,,,PV,0.0
Batt,620,,,Batt,0.0
x,621,,,slow,0.0
x,621,,,medium,0.0
x,621,,,fast,0.0
PV,621,,,PV,0.0
Batt,621,,,Batt,0.0
x,622,,,slow,0.0
x,622,,,medium,0.0
x,622,,,fast,0.0
PV,622,,,PV,0.0
Batt,622,,,Batt,0.0
x,623,,,slow,0.0
x,623,,,medium,0.0
x,623,,,fast,0.0
PV,623,,,PV,0.0
Batt,623,,,Batt,0.0
x,624,,,slow,1.0
x,624,,,medium,0.0
x,624,,,fast,0.0
PV,624,,,PV,0.0
Batt,624,,,Batt,0.0
x,625,,,slow,0.0
x,625,,,medium,0.0
x,625,,,fast,0.0
PV,625,,,PV,0.0
Batt,625,,,Batt,0.0
x,626,,,slow,7.0
x,626,,,medium,4.0
x,626,,,fast,0.0
PV,626,,,PV,0.0
Batt,626,,,Batt,0.0
x,627,,,slow,0.0
x,627,,,medium,2.0
x,627,,,fast,0.0
PV,627,,,PV,0.0
Batt,627,,,Batt,0.0
x,628,,,slow,0.0
x,628,,,medium,0.0
x,628,,,fast,0.0
PV,628,,,PV,0.0
Batt,628,,,Batt,0.0
x,629,,,slow,0.0
x,629,,,medium,7.0
x,629,,,fast,1.0
PV,629,,,PV,0.0
Batt,629,,,Batt,0.0
x,630,,,slow,0.0
x,630,,,medium,3.0
x,630,,,fast,0.0
PV,630,,,PV,0.0
Batt,630,,,Batt,0.0
x,631,,,slow,0.0
x,631,,,medium,0.0
x,631,,,fast,0.0
PV,631,,,PV,0.0
Batt,631,,,Batt,0.0
x,632,,,slow,0.0
x,632,,,medium,0.0
x,632,,,fast,0.0
PV,632,,,PV,0.0
Batt,632,,,Batt,0.0
x,633,,,slow,0.0
x,633,,,medium,0.0
x,633,,,fast,0.0
PV,633,,,PV,0.0
Batt,633,,,Batt,0.0
x,634,,,slow,0.0
x,634,,,medium,3.0
x,634,,,fast,0.0
PV,634,,,PV,0.0
Batt,634,,,Batt,0.0
x,635,,,slow,1.0
x,635,,,medium,5.0
x,635,,,fast,0.0
PV,635,,,PV,0.0
Batt,635,,,Batt,0.0
x,636,,,slow,0.0
x,636,,,medium,0.0
x,636,,,fast,0.0
PV,636,,,PV,0.0
Batt,636,,,Batt,0.0
x,637,,,slow,0.0
x,637,,,medium,0.0
x,637,,,fast,0.0
PV,637,,,PV,0.0
Batt,637,,,Batt,0.0
